username;date;retweets;text;hashtags;id
mdapsu78;2016-06-28 15:40;0;"@srgc_supt @BASFTurf_us same here. Apply first week of sept. No fungicides until snow mold . Clean as a whistle and our fall DS can be nasty";;"747786766338383872"
RosePestTweets;2016-06-27 00:03;2;"#SpiderWebs , Not Snow Mold , Covered Chicago's Lawns Thursday — Here's Why #lincolnpark http:// hubs.ly/H03rf-q0 pic.twitter.com/om8yh0u7Uh";#SpiderWebs #lincolnpark;"747188467923300353"
WJK184;2016-06-26 22:25;2;"@TurfDiseases pink snow mold pic.twitter.com/7sacsQsJ8P";;"747163924840189952"
NatureMuseum;2016-06-24 16:45;1;"Spider Webs, Not Snow Mold , Covered Chicago's Lawns Thursday — Here's Why http:// buff.ly/28TJhwV pic.twitter.com/H0eh9Gk227";;"746353509554085888"
dnainfo_breen;2016-06-24 16:14;0;"Spider Webs, Not Snow Mold , Covered Chicago's Lawns Thursday — Here's Why http:// dnain.fo/28Rl04i pic.twitter.com/hDL86erQ7R";;"746345824569991168"
dnainfo_breen;2016-06-24 15:34;6;"Spider Webs, Not Snow Mold , Covered Chicago's Lawns Thursday — Here's Why http:// dnain.fo/28Rl04i pic.twitter.com/hDL86erQ7R";;"746335741920317441"
CosbyChicago;2016-06-24 13:45;0;"Spider Webs, Not Snow Mold , Covered Chicago's Lawns Thursday — Here's Why http:// ift.tt/293rxe0";;"746308236639363072"
BurtFuji;2016-06-24 13:30;0;"Spider Webs, Not Snow Mold , Covered Chicago's Lawns Thursday — Here's Why http:// fb.me/50Nw3WiMV";;"746304448033660928"
BurtFuji;2016-06-24 13:30;0;"Spider Webs, Not Snow Mold , Covered Chicago's Lawns Thursday — Here's Why http:// dlvr.it/LdtwJj pic.twitter.com/wqsvcXSPTA";;"746304403926179840"
roscoe_village;2016-06-24 13:30;0;"Spider Webs, Not Snow Mold , Covered Chicago's Lawns Thursday — Here's Why: Wednesday's rain led to perfect… http:// m.tbnn.it/LdtwNk";;"746304402936344578"
BucktownGuide;2016-06-24 13:20;0;"Spider Webs, Not Snow Mold , Covered Chicago's Lawns Thursday — Here's Why http:// ift.tt/293rxe0 #Bucktown #Chicago";#Bucktown #Chicago;"746301931686076416"
lizzieschiffman;2016-06-23 15:22;0;"@dnainfo_breen @NatureMuseum @NatureNews @nature_org @nature @MotherNatureNet or snow mold ? https://www. dnainfo.com/chicago/201503 19/lincoln-square/have-spider-webs-taken-over-citys-lawns-no-its-snow-mold …";;"745970179138555904"
mcbeath_scott;2016-06-13 04:17;0;"@Harrimanscash @turfnet @davissongolf will it do the same for my pink snow mold on greens?";;"742179136911769601"
Superin10dent;2016-06-08 16:49;2;"It's not every day that you see Waitea and pink snow mold kicking it side by side...then again, this is Michigan! pic.twitter.com/R7ZWtXWFJM";;"740556449466748928"
RedIronTurf;2016-06-07 03:00;0;"@timfleegel yep. He's contemplating snow mold app for next weekend";;"739985324516900868"
EricStrzepek;2016-06-04 15:51;0;"@22Crowther see a ton of red thread and pink snow mold on rough. Waiting for course to get going ...still";;"739092289436389376"
states_great;2016-06-02 13:24;0;"Pink snow mold out this morning. pic.twitter.com/3rwf1o754T";;"738330565942857729"
N1TRZ;2016-05-31 17:42;0;"yes virgina there really is snow mold https://www. greenviewfertilizer.com/articles/snow- mold-damage-recovery …";;"737670695707021315"
microfungirl;2016-05-25 18:58;0;"A.M.Tronsmo discusses importance of resistance to snow mold independent of cold hardening for warming world #pmac16 pic.twitter.com/AK1UmsYDUh";#pmac16;"735515352902172672"
uwpaul;2016-05-20 03:52;1;"I'm biased but I don't think any turf disease gives better contrast between healthy and obliterated then snow mold https:// twitter.com/scottshanksbru 1/status/733444462509215745 …";;"733475481228574720"
SpringerJP_LS;2016-05-19 07:38;0;"NewBook Snow Mold : The Battle Under Snow Between Fungal Pathogens and Their Plant Hosts http://www. springer.com/book/978981100 7576 … pic.twitter.com/UNjmOntB2a";;"733170054359961600"
EurekaMag;2016-05-19 01:31;0;"#EurekaMag A cold inducible multidomain cystatin from winter wheat inhibits growth of the snow mold fungus,… http:// dlvr.it/LLW45F";#EurekaMag;"733077493708529664"
SpringerPlants;2016-05-18 16:47;3;"Congratulations to Dr. Matsumoto & Dr. Hsiang for their new book on Snow Mold ! http://www. springer.com/gp/book/978981 1007576 … pic.twitter.com/MjWiTXqmS9";;"732945769196589057"
Turfguy00;2016-05-16 12:51;0;"@HarryLigule @jeffwcc1_jeff loading up snow mold spray";;"732161428640137216"
ebookshare;2016-05-14 13:15;0;"Snow Mold http:// goo.gl/fb/dzRTF5";;"731442694157783040"
eleveeturf;2016-05-13 02:12;0;"@rjbuckwheat had some yellow patch and pink snow mold last week. Love it";;"730913692607512577"
rjbuckwheat;2016-05-12 21:02;7;"Run on pink snow mold this week! #Microdochium #mowedintherain #streaksofdeath pic.twitter.com/oieANYxEZM";#Microdochium #mowedintherain #streaksofdeath;"730835579638849536"
GrassRootsTurf;2016-05-12 11:00;0;"Rich Buckley, Rutgers Plant Diagnostic Lab identifying Pink Snow Mold from a golf course in Morris County, NJ as... http:// fb.me/3AZRN9o1M";;"730684165775982595"
turfdoug;2016-05-11 11:44;0;"I love when we have a frost delay, isn't it May? And last week I saw snow mold , so confused";;"730332705859227648"
Stone_BearTurf;2016-05-10 21:12;0;"Slit seeding and composting winterkill areas.. Desiccation on the mounds and snow mold in the low areas.. Extremes!! pic.twitter.com/OqhGtOAcmC";;"730113408306053120"
TurfRepublic;2016-05-10 02:00;0;"Snow mold fungicide persistence. http:// bit.ly/26tASE6 @uwpaul @TurfDiseases";;"729823497443282944"
TurfRepublic;2016-05-09 18:00;0;"What's the deal with snow mold fungicide? http:// bit.ly/26tASE6 @uwpaul @TurfDiseases";;"729702611071422465"
TurfRepublic;2016-05-09 14:00;1;"Snow mold fungicide persistence. @TurfDiseases http:// bit.ly/26tASE6 @uwpaul";;"729642197449113600"
RogerCookTOH;2016-05-08 00:46;0;"@ericmbuck hard to tell not being there guess would be a low spot where water gathered froze and killed grass or snow mold disease";;"729080065909231616"
kerrchap;2016-05-07 02:35;0;"@Zak_Bagans @Zak_Bagans oak tree season followed by grass ragweed snow mold and repeat LOL";;"728745034108047361"
jngarc;2016-05-06 12:09;2;"@UCONNturfpath @AtlanticGandT @turfnet multiple calls about active pink snow mold yesterday. #whatmonthisit ?";#whatmonthisit;"728527193756684288"
LawnGardenHelp;2016-05-05 14:20;0;"Grub damage would show up in the fall, @patrickdavidh . Due to the time of year, it may be snow mold . http:// scotts.io/6016BWwSr";;"728197772265050112"
UsefulOutdoor;2016-05-05 05:30;0;"Drinking water from snow: Mold into a ball then wrap in a bandana. Heat the snowball &catch the dripping water for drinking. #outdoor";#outdoor;"728064204624777216"
ClCahalane;2016-05-04 18:27;0;"Same products on greens and aprons but aprons are smoked with snow mold pic.twitter.com/cIA3rVcUt8";;"727897465005867008"
Chris_Hedberg;2016-05-04 16:21;0;"You know it's tough on winter recovery when you still have active snow mold / fusarium in May. Lots of spring snow. pic.twitter.com/8uKURvyCvo";;"727865775105564672"
TurfRepublic;2016-05-04 03:00;0;"Record warmth across the Midwest, ignited a debate about whether to reapply snow mold fungicides. http:// bit.ly/26tASE6 @TurfDiseases";;"727664245161263104"
TurfRepublic;2016-05-03 23:01;0;"Snow mold fungicide persistence. @uwpaul http:// bit.ly/26tASE6 @TurfDiseases";;"727603900979793925"
BayerG11;2016-05-03 15:15;2;"Snow Mold Fungicide Persistence…Part 2: http://www. turfdiseases.org/northcentral/s now-mold-fungicide-persistencepart-2/ …";;"727486820963880960"
TurfRepublic;2016-05-03 15:00;0;"Record warmth across the upper Midwest, ignited a debate about whether to reapply snow mold fungicides. @uwpaul http:// bit.ly/26tASE6";;"727482991841259520"
Tyson_Lenz;2016-05-01 18:03;0;"@akaNanette ugh. Allergies are the worst. Thankfully I am past my allergy season. Snow mold is my kryptonite";;"726804317479411712"
RealSnarkLake;2016-04-28 19:59;0;"I'm thinking of making a Tifo to raise awareness of snow mold . Makes as much sense as pro/rel week";;"725746385098706944"
Chris_Hedberg;2016-04-28 18:53;0;"Our snow mold control plot is still struggling to fill in. Weather hasn't cooperated much to help these areas. pic.twitter.com/Qj2Kux7y79";;"725729581861212161"
TurfRepublic;2016-04-28 04:00;1;"Most snow mold fungicide applications made in November were completely gone from the turf system by the end of 2015. http:// bit.ly/26tASE6";;"725504943805894656"
TurfRepublic;2016-04-28 00:00;3;"We hope to learn more about the persistence of snow mold fungicides. @uwpaul http:// bit.ly/26tASE6 @TurfDiseases";;"725444562739728384"
SprayerDepot;2016-04-27 22:48;0;"Snow Mold Fungicide Persistence…Part 2 http:// hubs.ly/H02Q06y0 by @uwpaul pic.twitter.com/gXMSahcSqB";;"725426361922404354"
GreenerGrassOLC;2016-04-27 21:15;0;"Snow Mold is an unsightly damage to your #lawn . Learn how to treat these problem areas: http:// bit.ly/1q5R25Q pic.twitter.com/zvFjHdDzCN";#lawn;"725402905822416897"
TurfRepublic;2016-04-27 20:00;1;"Last December there were questions about reapplying snow mold fungicides. Here's the verdict from @uwpaul http:// bit.ly/26tASE6";;"725384260903952384"
IainCPatterson;2016-04-27 12:18;0;"Today's weather is a mix between hail and snow @Mold , Flintshire https://www. instagram.com/p/BEszh4QRgdfM 4R8uqnPLvZpq2zkip1MpIkI01c0/ …";;"725267923686805504"
golfthepines;2016-04-26 21:43;1;"Southern Pines - InTheCageBlogger talks about Pink Snow Mold http://www. golfsouthernpines.ca/#!Southern-Pin es-InTheCageBlogger-talks-about-Pink-Snow-Mold/c21nj/571fc0440cf232b075cf0e57 …";#;"725047632498974723"
uwpaul;2016-04-26 15:18;0;"My latest blog post harkens back to what happened to our snow mold fungicides last December https:// twitter.com/turfdiseases/s tatus/724905738368339968 …";;"724950857326845952"
TurfDiseases;2016-04-26 12:19;2;"Snow Mold Fungicide Persistence…Part 2 http:// bit.ly/1MVokPB";;"724905738368339968"
iTweetTurf;2016-04-26 12:19;0;"RT @TurfDiseases Snow Mold Fungicide Persistence…Part 2 http:// bit.ly/1MVokPB";;"724905734845153280"
uwpaul;2016-04-25 15:26;8;"Final 2015-2016 Snow Mold Reports & Pics are now posted online! http:// bit.ly/1TsH4VD @MarquetteGolf pic.twitter.com/ZpV57z1XVM";;"724590477346017280"
business_supser;2016-04-24 01:31;0;"#QualityCare Snow Mold . Read Blog: http:// owler.us/abdMVo";#QualityCare;"724017860012449793"
czugel;2016-04-22 21:59;0;"@uwpaul I figured you were stuck in snow mold somewhere! I'll save you a tee time!";;"723602043672227840"
snowbringer;2016-04-22 20:28;0;"@bjw_draw Normally, I am an autumn allergy girl, but this year has been awful with snow mold and now ALL THE FLOWERS at one time. :P";;"723579193175339008"
UsefulOutdoor;2016-04-21 03:35;0;"Drinking water from snow: Mold into a ball then wrap in a bandana. Heat the snowball &catch the dripping water for drinking. #outdoor";#outdoor;"722961849902350336"
yvalaresistance;2016-04-21 00:11;0;"Sitting here like "why do I feel like shit", I go outside and there's white fuzz all over my yard where the snow melted. FUCK SNOW MOLD .";;"722910492713332737"
uHallgrass;2016-04-19 22:55;0;"Red thread, snow mold ? Northern Ohio on rye/blue. pic.twitter.com/Nug4qqK5pD";;"722529021792268289"
llbgolfsuper69;2016-04-19 22:41;1;"F9 greens uncovered & double cut including collars. Same for B9 tomorrow. Some snow mold but otherwise good #LLBGC pic.twitter.com/fbDA72gOna";#LLBGC;"722525519699292160"
Time_Hound;2016-04-17 23:31;0;"@FDolarhydesGirl Or alergies.... like to snow mold ... or pollen.";;"721813367841624064"
yvalaresistance;2016-04-17 21:50;0;"@mariaDadd my allergies are brutal from the snow mold rn, the rain is very welcome.";;"721788059671519232"
plant_biology;2016-04-16 15:03;0;"The cold-induced defensin TAD1 confers resistance against snow mold and Fusarium head blight in transgenic wheat. http:// dlvr.it/L4KlpG";;"721323165205434369"
wheat_papers;2016-04-16 14:12;0;"The cold-induced defensin TAD1 confers resistance against snow mold and Fusarium head… http:// dlvr.it/L4Jv1D pic.twitter.com/eJC1cXq57W";;"721310313270759430"
MySnowBot;2016-04-16 02:07;0;"Sat 16th Apr 00:07 - It is #Snowing in Mold, United Kingdom - #Snow #Mold #MySnowBot #Weather #MyWeather";#Snowing #Snow #Mold #MySnowBot #Weather #MyWeather;"721127799579279360"
leahmcbee;2016-04-15 21:18;0;"@TrinaMLee Thanks, you too! It's all the rain were having.. Much like your snow mold ..";;"721055156079566848"
eissyrc;2016-04-15 18:57;0;"@arundeepyeg I blame my allergies on snow mold .";;"721019706518286336"
AvanDiggity;2016-04-15 18:41;3;"@SyngentaTurf is cooking up some great snow mold mixtures. 150d cover on bluegrass frwy #staytuned pic.twitter.com/hORaz7nkcE";#staytuned;"721015644972421120"
Renzou;2016-04-15 18:23;0;"@schommer75 Bare spots only. Attempting to fix the snow mold areas and the spots where the sod is dying against the house.";;"721011160212897792"
3D_Fishing_;2016-04-14 19:59;0;"Pink Snow Mold - Chippers' Mr Grass Blog http:// fb.me/4kXWpNWby";;"720672909832929280"
troyal88;2016-04-14 18:22;0;"@ErinAtlas Snow mold preventer worked like a charm";;"720648375289430016"
FordsPestTurf;2016-04-14 15:42;0;"Your Lawn Has Snow Mold : Symptoms: Damage from snow mold fungi usually becomes apparent as the snow melts and ... http:// bit.ly/1qUCaYs";;"720608165566369794"
judywilson36;2016-04-14 14:31;0;"@CBCMarcy @patkaniuga @TrevorCBC Yup. Just enough to wake the grass up and shake the snow mold off";;"720590184727752705"
chipperschatter;2016-04-14 02:49;0;"Pink Snow Mold - Chippers' Mr Grass Blog http:// fb.me/4ozyiNoWI";;"720413662578475008"
cjcj15cj;2016-04-13 17:12;2;"Nice outbreak of Pink Snow Mold on this Poa/Bent green #SoCal #TurfgrassDiseases pic.twitter.com/wnPzCRN6vN";#SoCal #TurfgrassDiseases;"720268496064503808"
MrGrassNHVT;2016-04-13 15:59;0;"Pink Snow Mold https:// lnkd.in/bM7k_8k";;"720250091404038148"
MrGrassNHVT;2016-04-13 15:59;0;"#Snow Mold in your #lawn this #spring - http://www. mrgrassblog.net/pink-snow-mold/";#Snow #lawn #spring;"720250045958905856"
TheWeatherNetUS;2016-04-12 20:58;2;"Feeling sniffly? It could be due to snow mold . Find out what experts have to say: http:// bit.ly/1qOeu8m pic.twitter.com/iOI3s66noz";;"719962800408420352"
PenderSuper;2016-04-12 19:19;0;"@paceturf @djsoldat @asianturfgrass snow mold Nd anthracnose happen at diff times of yr? GP gets fert amount right at right time";;"719937901232914432"
paceturf;2016-04-12 19:17;0;"@djsoldat @asianturfgrass Low tissue K limits snow mold in bent and high tissue K limits anthracnose in poa. Implementation needs more work.";;"719937600186810368"
c4d0c8574b3a4ee;2016-04-12 18:33;0;"@weathernetwork snow mold ,so thats y I'm sick. I Feel better now knowing what I got .Thanks mister freeze.";;"719926398790541312"
weathernetwork;2016-04-12 18:02;47;"Feeling sneezy and stuffy lately? It could be because of a fungus known as snow mold http:// ow.ly/10zZIy pic.twitter.com/aksXM4FnBB";;"719918499699814400"
paceturf;2016-04-12 16:46;0;"@djsoldat @asianturfgrass In this case soil K might never drop to levels needed to slow snow mold . Tissue K only needed when soil K is low.";;"719899404535083013"
djsoldat;2016-04-12 16:40;0;"@paceturf @asianturfgrass Point here is that can have good quality at 1.5% but then anthracnose risk. Good quality at 2% but snow mold risk.";;"719897862318854144"
djsoldat;2016-04-12 04:25;0;"@paceturf I agree for the most part but my K work shows that tissue testing is much more predictive of snow mold than soil testing for K";;"719713081488572416"
SoCalTurfScoop;2016-04-11 20:33;3;"With this cool wet weather BRP and pink snow mold have been making an appearance. #instrata pic.twitter.com/LfLHGLNzDI";#instrata;"719594309972992002"
uwpaul;2016-04-11 16:39;1;"WI Snow Mold Field Day (4/13) is canceled...due to snow. Lots of snow. For @MarquetteGolf sake I hope it melts soon pic.twitter.com/kNgKSrY2U6";;"719535374045954048"
Lifeworxgreen;2016-04-11 01:04;0;"Got the sniffles? It could be snow mold via @rightrelevance http:// buff.ly/1qBHL62 pic.twitter.com/JVpIqSkXA0";;"719300006583382017"
LucyGirll;2016-04-10 22:21;0;"@Bugahabart @AsianJoeEvans so my guess is you'll have some groovy snow mold this spring for a job you should've done in the fall.";;"719258963351445504"
noerbruce;2016-04-10 19:29;0;"@MarquetteGolf can we use that plow to clean snow mold plot for Snow Mold Fields this week.";;"719215667354996740"
JenniferKingsb6;2016-04-08 23:12;0;"Got the sniffles? It could be snow mold http://www. theweathernetwork.com/news/articles/ feeling-sniffly-it-could-be-due-to-snow-mold/47129 …";;"718547101198594048"
CielOnTap;2016-04-08 22:27;0;"Got the sniffles? It could be due to snow mold http://www. theweathernetwork.com/news/articles/ feeling-sniffly-it-could-be-due-to-snow-mold/47129 …";;"718535662698373120"
nessiedood;2016-04-08 22:24;0;"Snow mold ........... http:// fb.me/735iLh4BX";;"718534910886211585"
WeedManBarrie;2016-04-08 21:47;0;"Snow Mold , its a real thing. http:// bit.ly/1SFbXDz https:// twitter.com/weathernetwork /status/718524436782182404 …";;"718525764451319808"
weathernetwork;2016-04-08 21:42;12;"Feeling sniffly? It could be due to snow mold : http:// bit.ly/1SVn65N pic.twitter.com/GaZiPW5abX";;"718524436782182404"
SpitzPhillip;2016-04-07 00:52;0;"Difficult to assess snow mold treatments in these conditions pic.twitter.com/ltLvIMgd9v";;"717847554680033284"
uwpaul;2016-04-06 03:46;0;"@maria_turfdr awesome, love going up there! And the snow mold is incredible!";;"717528911324643328"
uwpaul;2016-04-05 22:00;9;"Wisconsin's Snow Mold Field Day is 4/13 in Marquette, MI. Plenty of disease for everyone http:// bit.ly/25Jrz2h pic.twitter.com/9Z4QYi3SMK";;"717441816992346112"
canyakker;2016-04-05 16:40;0;"@ElfNDragon OK, the correct name is snow mold https://www. google.ca/search?q=snow+ mold&client=opera&hs=n2o&source=lnms&tbm=isch&sa=X&ved=0ahUKEwiUs4j13PfLAhVjnoMKHeWnCXUQ_AUIBygB&biw=1366&bih=633 …";;"717361281167147008"
Ginnnnyyyy;2016-04-05 06:45;0;"Oiii. Snow mold ... go love yourself.";;"717211524650164224"
sexdrugsfolk;2016-04-05 03:20;0;"snow mold all over the pot for my healthy blooming orchid as per tradition";;"717160064960729088"
P_T_R_C_;2016-04-04 22:17;4;"Rating our snow mold trial. 130+ days snow cover. Mostly Typhula, some Microdochium. @PineHillsTurf pic.twitter.com/tprM0Ctv9A";;"717083645312311296"
OldStationInc;2016-04-04 19:45;0;"Thought this would be appropriate today. Did you know that snow mold may appear even if it does not snow. If the... http:// fb.me/7ShSXUBjA";;"717045342731177984"
drjeffsandquist;2016-04-04 18:03;0;"@pjrvs snow mold /spring have been kicking my ass off & on here in MN too. Damn hyperactive immune system--if it's not food it's nature.";;"717019671023648770"
JK_Turfgrass;2016-04-04 17:38;0;"@UMassTurfPath 3 AI's to control snow mold . pic.twitter.com/D7mbrOqeBm";;"717013562321977344"
JK_Turfgrass;2016-04-04 17:19;0;"UMass Snow Mold seminar at Turning Stone. Great information in a year with little snow cover. #snowmold pic.twitter.com/ebiF4SzqUv";#snowmold;"717008748569620480"
UMassGardenClip;2016-04-04 15:50;0;"Rake lightly to promote lawn recovery from snow mold and vole damage. Sun sets 7:17; rises tomorrow 6:22.";;"716986328123105280"
colly22mac;2016-04-03 02:37;0;"Can't wait for the spring winds to blow all the snow mold and winter… https://www. instagram.com/p/BDt96KvsupRG lqpf5lmF3uLYczBq6j6gxLbeeo0/ …";;"716424284508463105"
CoryLCowan;2016-04-02 06:11;0;"@YoyoCrochet looks like snow mold to me.";;"716115918288330752"
rmooney_mooney;2016-04-01 19:22;3;"Fungicides control snow mold ! 5 months snow cover. #treated Turfgrass 101 Green is G Good brown is Bad !! pic.twitter.com/sgKhgiiiG8";#treated;"715952399114838017"
rmooney_mooney;2016-04-01 04:15;1;"Maybe snow contributes to snow mold . 5 months of snow cover no frost in the ground. #Untreated grey beats pink? pic.twitter.com/W9PxK6m5AN";#Untreated;"715724211264749569"
uwpaul;2016-03-31 20:12;4;"Dodged snow, rain, fog, deer, and aggressive bar patrons...but snow mold ratings are done for another year pic.twitter.com/5XSfxcGGFf";;"715602578424406016"
uwpaul;2016-03-31 19:56;0;"Spooky snow mold rating @BruceTdlbruce @kurtaculous @uwbrijesh https:// twitter.com/marquettegolf/ status/715511389880713218 …";;"715598737133932547"
Superin10dent;2016-03-31 17:56;6;"Got snow mold ? This is for all the @MiGCSA members who couldn't attend today's Snow Mold Trials at Treetops Resort. http:// on.bubb.li/384286a8xlj778 6nnkt5vsb …";;"715568377792737280"
UMassTurfPath;2016-03-31 16:44;0;"Last day to register for the New York Snow Mold Field Day! Check out the flyer for details. pic.twitter.com/HQDoU8CWHF";;"715550235213316100"
Anns_Life;2016-03-31 14:58;0;"How to Repair Grass Damaged by Snow Mold http:// dlvr.it/Kx6y5C #gardening #gardenchat pic.twitter.com/w0m469rzTX";#gardening #gardenchat;"715523719171444736"
CurtisHarrish;2016-03-31 03:08;0;"@sarafinchan1 just getting the snow mold off the steering arm!";;"715345000502919168"
adolick;2016-03-31 00:30;0;"A little end-of-the-tank art last fall in our worst snow mold rough. pic.twitter.com/AZoXCbffSK";;"715305161514680320"
uwpaul;2016-03-30 23:58;6;"Now that's the kind of snow mold we've been waiting to see pic.twitter.com/nPQ1ITTASx";;"715297157532762112"
uwpaul;2016-03-30 23:04;1;"Killed my first mosquito of the year yesterday...in Wausau, WI...while rating snow mold . That's weird.";;"715283568235311105"
h_holmes8;2016-03-30 19:01;0;"Allergies and snow mold got me feeling like.... http:// ift.tt/25wI7L0 pic.twitter.com/OQpfayEHcu";;"715222551274921985"
christysphone78;2016-03-30 03:02;0;"Stuffed up from the dust and snow mold , how r u? #codieprevost https:// twitter.com/codieprevost/s tatus/714980899725520896 …";#codieprevost;"714981124565381120"
Anns_Life;2016-03-29 22:58;0;"How to Repair Grass Damaged by Snow Mold http:// dlvr.it/KwJjNY #gardening #gardenchat pic.twitter.com/Ueyv6lcrg1";#gardening #gardenchat;"714919705455104000"
MSUAdam;2016-03-29 19:25;0;"#TyphulaTuesday join Dr. Vargas at Treetops this Thursday at 10am for Snow Mold field day. Please RSVP.";#TyphulaTuesday;"714866002257977344"
BriHuether;2016-03-29 18:36;0;"Apparently my allergies are back. If it could rain, and clean up all the snow mold , that would be great. Any day now, I'd be happy for rain.";;"714853824251363328"
OttSamuel18;2016-03-29 13:11;0;"When the snow mold hit you.";;"714772061768396800"
InGaylord;2016-03-29 12:57;0;"Snow mold field day at Treetops Golf Course: We will plan to meet at 10 a.m. at the pro shop at the Treetops/S... http:// bit.ly/22Kdi6z";;"714768406176731138"
thegolfersnews;2016-03-29 08:15;0;"Snow mold field day at Treetops Golf Course http:// thegolfersnews.com/?p=5882";;"714697382462623745"
Fitness_Te;2016-03-29 07:29;0;"Snow mold field day at Treetops Golf Course #MichiganGardening http:// ifi.sh/9k9";#MichiganGardening;"714685777633013762"
Yardstead;2016-03-29 07:29;0;"Snow mold field day at Treetops Golf Course #MichiganGardening http:// ifi.sh/9k9";#MichiganGardening;"714685776341164032"
MSUTurf;2016-03-28 21:54;2;"View MSU Snow Mold Trials at Treetops on March 31 http:// bit.ly/22Ve8dx";;"714541222648373249"
Anns_Life;2016-03-28 19:58;0;"How to Repair Grass Damaged by Snow Mold http:// dlvr.it/Kvm73n #gardening #gardenchat pic.twitter.com/d3EBV9LnwL";#gardening #gardenchat;"714512014710689792"
MiGCSA;2016-03-28 17:32;1;"Join @Nancy_D123 at @TreetopsMich on Thursday to see one of the longest running snow mold studies in the country http://www. migcsa.org/index.php?cati d=8&newsid=745 …";;"714475224230715393"
nciacrops;2016-03-28 14:32;0;"@farmerdoug93 Looks like snow mold . http://www. extension.umn.edu/garden/yard-ga rden/lawns/snow-molds-in-lawns/ …";;"714430023025999873"
UMassTurfPath;2016-03-28 02:09;2;"Join us at the Mt. Wash Resort GC tomorrow (9am) for some snow mold and FW rolling discussion.";;"714243006748995584"
JandM2014;2016-03-27 20:01;0;"Even where I left leaves I STILL can't get any snow mold ! Hopefully next yr will be better. pic.twitter.com/PXxNSZuwth";;"714150385632616452"
FLOLOfarms;2016-03-26 15:15;0;"@blake_vince @farmerdoug93 @buckley778 would it be a safe assumption that is like the Snow Mold picture I had earlier this spring?";;"713731065202905088"
cropdoc2;2016-03-26 15:09;0;"Quite likely cottony snow mold . See: http://www. apsnet.org/publications/a psnetfeatures/Pages/snowmold.aspx … cc: @blake_vince @t_vollmer @farmerdoug93 @buckley778 https:// twitter.com/farmerdoug93/s tatus/713491782160556032 …";;"713729639626223618"
sm00pa;2016-03-25 22:15;2;"@Kablappy fields of snow mold";;"713474524797227008"
SakeBobomb;2016-03-25 02:05;0;"Okay snow mold . You can seriously piss off already. I would like to be able to take full breaths now without the burning lungs.";;"713169999641382912"
Milorganite;2016-03-25 01:35;0;"Check your lawn for snow mold - the damage is seldom serious. Gently rake the affected areas to promote drying. pic.twitter.com/k7gB99is0k";;"713162292960079872"
BethanyWeeks;2016-03-25 01:19;1;"Just in time for the last of your snow to have melted away a Pikachu snow mold @thingiverse http://www. thingiverse.com/thing:1441292 pic.twitter.com/KW5s2v8OTA";;"713158331729207297"
terrydavio;2016-03-24 23:44;0;"@KernsJim no way you got pink snow mold . Almost looks like a really dried out punk snow mold infection, though I'm sure I'm wrong.";;"713134412645457920"
ValleyGreenCo;2016-03-24 19:52;0;"Dog Spots vs Snow Mold Snow mold will often have many small spots relatively close together. Identifying... http:// fb.me/6ZLUwPUdo";;"713076074326990849"
Anns_Life;2016-03-24 18:58;1;"How to Repair Grass Damaged by Snow Mold http:// dlvr.it/Kt2Btv #gardening #gardenchat pic.twitter.com/1e1qb37iKq";#gardening #gardenchat;"713062467186720768"
UMassTurfPath;2016-03-24 14:13;0;"Looking for something to do next Monday? Stop by Mt Washington GC for some snow mold and FW rolling discussion https:// ag.umass.edu/events/umassnh gcsa-snow-molddollar-spot-control-field-day …";;"712990620692955136"
krystinaiam;2016-03-24 04:34;0;"SEE SNOW MOLD https:// twitter.com/KyloR3n/status /712835397886156802 …";;"712845039815303168"
nbolhous;2016-03-24 00:25;0;"Well hope snow is gone quick mowed off our only Single snow mold application of the 2015-16 winter,worked perfectly! pic.twitter.com/nUNdmn0Oq5";;"712782465593581568"
krystinaiam;2016-03-23 23:58;0;"Is this snow mold ? pic.twitter.com/zCJ6uI5u8d";;"712775559001071617"
CreekSupt;2016-03-23 21:57;0;"@TurfTank @leftcheek1 I applied my 2016 snow mold spray today.";;"712745000602238976"
erictwatkins;2016-03-23 17:53;0;"@BruceTdlbruce were you and @uwpaul finally able to get some snow mold on ff?";;"712683776711655425"
djsoldat;2016-03-23 16:32;0;"@3sticksCGCS @PenderSuper @turfnet I'd say places where snow mold and winter kill are relevant";;"712663301012893697"
GCSAA_NE;2016-03-23 14:39;1;"Game on @MaineGCSA Lobstah Stew meeting with @UMassTurfPath snow mold and pesticide restriction updates pic.twitter.com/hpvKRax3VR";;"712634917163806721"
BlairWhitevale;2016-03-23 14:20;4;"This is the only snow mold I have been able to find. #instrata pic.twitter.com/Wa6ucHwbUI";#instrata;"712630089406685184"
mikeradermacher;2016-03-23 02:26;0;"@nicholasfolk I see. Less leaf blade may absorb moisture better, less chance of spring snow mold pressure...just tossing out ideas";;"712450360003010561"
Anns_Life;2016-03-22 23:55;0;"How to Repair Grass Damaged by Snow Mold http://www. annsentitledlife.com/how-does-your- garden-grow/how-to-repair-grass-damaged-by-snow-mold/ …";;"712412302939660289"
treebarberct;2016-03-22 17:59;0;"lil pink snow mold . @rjbuckwheat pic.twitter.com/K1rO2H9tco";;"712322933390254080"
Anns_Life;2016-03-22 16:58;0;"How to Repair Grass Damaged by Snow Mold http:// dlvr.it/Ks0rW3 #gardening #gardenchat pic.twitter.com/wc1xhVsTQR";#gardening #gardenchat;"712307383985262594"
Renae_Chiovaro;2016-03-22 09:09;0;"RT @Anns_Life How to Repair Grass Damaged by Snow Mold http:// bit.ly/1ZkuTwo";;"712189436553879552"
uwpaul;2016-03-22 03:37;0;"@MSUTurf @MiGCSA snow travels with me at all times to promote snow mold , kind of like Pigpen from the Peanuts gang";;"712105825297248256"
Anns_Life;2016-03-22 00:13;0;"How to Repair Grass Damaged by Snow Mold http:// dlvr.it/Krf9CD #gardening #gardenchat pic.twitter.com/LMzH7ob1Hj";#gardening #gardenchat;"712054579307765760"
anoregoncottage;2016-03-21 23:10;0;"How to Repair Grass Damaged by Snow Mold http:// pubx.co/Yz9Fn5 via @Anns_Life #diy #repair";#diy #repair;"712038637119119364"
m3gturtl3s;2016-03-21 21:41;0;"I hope all these sneezes are the snow mold and not a cold coming";;"712016315159072768"
Hey_Tamona;2016-03-21 20:19;0;"RT: @Anns_Life How to Repair Grass Damaged by Snow Mold http:// dlvr.it/KrZWvQ #How_Does_Your_Garden_Grow";#How_Does_Your_Garden_Grow;"711995574518558721"
teaconnexions;2016-03-21 18:11;0;"Snow mold pops up right after melting, causing allergies http:// bit.ly/1TE8DxU";;"711963390193901568"
Anns_Life;2016-03-21 16:55;0;"How to Repair Grass Damaged by Snow Mold : How to Repair Grass Damaged by Snow Mold How to fix the snow mold da... http:// bit.ly/1ZkuTwo";;"711944452445614080"
ScottClayworth;2016-03-21 15:58;9;"Some say snow mold protection. I say investment protection . pic.twitter.com/xoCTxrWJaX";;"711929866007023616"
Anns_Life;2016-03-21 15:24;0;"How to Repair Grass Damaged by Snow Mold http:// bit.ly/1MjayWj #gardening #garden pic.twitter.com/LGLjMKweWQ";#gardening #garden;"711921334868185089"
Anns_Life;2016-03-21 15:13;0;"How to Repair Grass Damaged by Snow Mold http:// dlvr.it/KrSgrN";;"711918580569219073"
SteveAbler;2016-03-21 15:04;0;"If correct, a preventive application for Microdochium patch is a good idea. Fall snow mold protection is long gone. https:// twitter.com/NWSGreenBay/st atus/711854514828124160 …";;"711916465864253441"
Searle_Turf;2016-03-21 14:19;0;"@MaineGCSA Lobstah Stew mtg this wednesday! Umass snow mold trial results, round table discussions & indoor golf! http://www. mainegcsa.org/upcoming-event s.php …";;"711905161875222528"
Your_gal_Ruthy;2016-03-20 07:06;0;"@legendofDuff maybe snow mold here.";;"711433652605886465"
BocaLegend;2016-03-19 10:05;1;"I see that @potus played golf #again yesterday. I hope he comes down with a case of Snow Mold .";#again;"711116361162829824"
blakeulrich;2016-03-19 01:07;0;"@bjulie99 ordered some pesticide for the bit of snow mold we have and set up the BBQ schedule for the year.";;"710981100890431488"
urbanturfmn;2016-03-18 22:57;0;"Close up of pink snow mold pic.twitter.com/2Un7ogg8Ny";;"710948308592660480"
mdjcaprica;2016-03-18 22:27;0;"@CBC Allergic reaction to snow mold as the melting progresses.";;"710940609620520960"
microfungirl;2016-03-18 21:20;0;"Super super helping me rate snow mold plots after snow with @ToroGolf blowers to remove dusting of snow. Fun toy! pic.twitter.com/7Q4uPxlb8H";;"710923945042530304"
microfungirl;2016-03-18 18:16;0;"Super super helping me rate snow mold plots after snow with @ToroGolf blowers to remove dusting of snow. Fun toy! pic.twitter.com/yYZGqtyQ5o";;"710877517117308928"
FMCturf;2016-03-18 14:05;1;"Beware of snow mold this spring! @WeedProOhio explains what it is and why it happens: http:// ow.ly/ZgLdy";;"710814409719996416"
SamLeatherberry;2016-03-17 23:28;1;"#16 Devlin green looking good. Insignia, Trinity, Daconil snow mold control did great @BASFTurf_us @JeffreyCNAustin pic.twitter.com/8qThx2pRVO";#16;"710593743502635008"
KarlieMildraed;2016-03-17 16:40;0;"@CommonSenseSoc It's just aggravated snow mold being kicked up into the air by the slight breeze.";;"710490914599342080"
ArborScape;2016-03-17 16:20;0;"Does my lawn have Snow Mold ? what it is and what to do about it. http:// bit.ly/1puQJ4t by @arborscape pic.twitter.com/H5S7iS44t8";;"710486042609131520"
ArborScape;2016-03-16 23:09;0;"Does my lawn have Snow Mold ? http:// goo.gl/fb/ZJhwQj";;"710226459688837125"
uwpaul;2016-03-16 18:38;0;"When you're about to leave for a 2 day trip to rate snow mold sites and it snows 6 inches pic.twitter.com/aS1zk1Kio1";;"710158253167087618"
MoldHelp1;2016-03-16 14:49;0;"Snow mold pops up right after melting, causing allergies http:// buff.ly/1XgOz2L";;"710100608754307072"
XerxesWuff;2016-03-16 12:57;0;"raked out some snow mold and miscellaneous garbage, put down a light application of fertilizer, and pulled some obnoxious weeds";;"710072568078802944"
jpopko7;2016-03-16 01:06;0;"@MSUTurf That's why I refer to it as Microdochium patch/pink snow mold /fusarium patch (for the gray beards)/whatever you wanna call it";;"709893613887610880"
MSUTurf;2016-03-15 22:56;8;"Just some pink snow mold , I always think pink is a misnomer at this pt as its more copper/bronze colored to my eye pic.twitter.com/ZTxaYuE10K";;"709860773032493057"
kempsuturf;2016-03-15 17:13;0;"Accidental but useful check plot #snow mold pic.twitter.com/orm2EUypd7";#snow;"709774429602123776"
HamiltonTicket8;2016-03-15 16:49;0;"RT weedmanhamilton This is the prime season for snow mold ! Here's some tips to help you identify and treat it: https:// youtu.be/XIwbv1uYA_I #Hami";#Hami;"709768555030581249"
weedmanmontreal;2016-03-15 16:45;0;"This is the prime season for snow mold ! Here's some tips to help you identify and treat it: https:// youtu.be/XIwbv1uYA_I #Montreal";#Montreal;"709767540575174656"
wmcourtenay;2016-03-15 16:45;0;"This is the prime season for snow mold ! Here's some tips to help you identify and treat it: https:// youtu.be/XIwbv1uYA_I #Courtenay";#Courtenay;"709767528055185408"
weedmansurrey;2016-03-15 16:45;1;"This is the prime season for snow mold ! Here's some tips to help you identify and treat it: https:// youtu.be/XIwbv1uYA_I #Surrey";#Surrey;"709767514063036416"
weedmanGTA;2016-03-15 16:45;0;"This is the prime season for snow mold ! Here's some tips to help you identify and treat it: https:// youtu.be/XIwbv1uYA_I #Toronto";#Toronto;"709767500427354112"
weedmanottawa;2016-03-15 16:45;0;"This is the prime season for snow mold ! Here's some tips to help you identify and treat it: https:// youtu.be/XIwbv1uYA_I #Ottawa";#Ottawa;"709767484631617536"
weedmanhamilton;2016-03-15 16:45;0;"This is the prime season for snow mold ! Here's some tips to help you identify and treat it: https:// youtu.be/XIwbv1uYA_I #Hamilton";#Hamilton;"709767470421254144"
MuskokaElements;2016-03-15 14:30;3;"The Muskoka snow mold report, what to look for and how to repair it! #Muskoka #Lawn #Landscape #Irrigation pic.twitter.com/j5JvGtEkq7";#Muskoka #Lawn #Landscape #Irrigation;"709733401897648128"
cph_turf;2016-03-15 02:23;0;"This is what bluegrass fairway looks like after no fall snow mold app. Mostly invasive bent being attacked. #notbad pic.twitter.com/qbLlhJcqPC";#notbad;"709550619808366592"
GLCCTurf;2016-03-14 23:47;0;"Spray lines on edges of fairways from last falls snow mold protection.. We got some fantastic control! @SyngentaTurf pic.twitter.com/1MDgQfehaw";;"709511216708853761"
FMCturf;2016-03-14 20:05;2;"With Fame+T, you've got two layers of protection to battle snow mold http:// ow.ly/ZqYOP #FameFungicide pic.twitter.com/KIYF3ZUmCT";#FameFungicide;"709455406154784768"
WSAW;2016-03-14 18:54;0;"ICYMI: Snow mold in our area. Dr. Heather Schlesser explained on NewsChannel 7 at Noon what it is and what you... http:// fb.me/7fr1Ij4v5";;"709437610956099585"
llavalaurenn;2016-03-14 15:54;0;"Was wondering why my nose is still runny as it's been like a week since I was sick. Until I remembered snow mold .. And how windy it's been.";;"709392142284644352"
andrealori;2016-03-14 02:58;0;"@Pruny_thebeagle @SpottyBeagle yeah eyes are runny and nose drippy bol. Snow mold time";;"709196855477833728"
cjwturf;2016-03-14 02:03;0;"A couple fairways on the course that are not sprayed entirely. Makes great lines of snow mold . pic.twitter.com/5TCGnIHtqA";;"709183223536816128"
MidlandTurf;2016-03-13 20:36;0;"@PatCCraig pink snow mold disease.";;"709100906369949696"
GreenSightAg;2016-03-13 02:02;2;"@UMassTurfPath as we roll out our #turfgrass #drone system, we will be sure to implement a snow mold analysis to help early season.";#turfgrass #drone;"708820455067684865"
andrew_schlais;2016-03-12 23:38;0;"My mom won't stop talking about snow mold . Watch out for snow mold guys";;"708784251945283585"
UMassTurfPath;2016-03-12 22:12;1;"Snow mold peeping on a 60F day at Mt Washington Resort GC #typicalfamilyactivities pic.twitter.com/qEINLPxsUb";#typicalfamilyactivities;"708762588155420673"
PenderSuper;2016-03-12 21:13;0;"I've been hearing a lot about more snow mold with late season N apps. cc @Tim_kgc https:// twitter.com/urbanturfmn/st atus/708745521922330624 …";;"708747689052213248"
meganinnodak;2016-03-12 19:59;0;"I'm so ungodly allergic to snow mold . I've sneezed like 35 times today.";;"708729064694140928"
bapennstater;2016-03-12 17:03;2;"@turfpathology @JJBenelli Great day for pink snow mold viewing! pic.twitter.com/7cxBEEEluj";;"708684786710265856"
uwpaul;2016-03-12 17:01;0;"@turfmanPSU 30 inch snow storm and barely any snow mold ...you guys are doing something right";;"708684295842336768"
turfmanPSU;2016-03-12 15:43;0;"@uwpaul other than a few spots in the rough, this is the only snow mold we've found on our short cut turf pic.twitter.com/XSGDj7P39P";;"708664763740508160"
thewhalemann;2016-03-12 01:01;0;"@HoosicGrounds nutrients and some leaf spot/ snow mold protection.";;"708442824073682944"
North_Outdoors;2016-03-12 00:19;0;"Ever heard of snow mold ? http://www. northlandoutdoors.com/2016/03/11/sno w-mold-pops-up-right-after-melting-causing-allergies/ … #NorthlandOutdoors pic.twitter.com/e3NO9nhdMa";#NorthlandOutdoors;"708432067076329472"
moldbgonega;2016-03-11 20:59;0;"Snow mold pops up right after melting, causing allergies http:// buff.ly/1XgOxrx";;"708381805058068481"
AsbestosMoldNew;2016-03-11 20:01;0;"Snow mold pops up right after melting, causing allergies http:// buff.ly/1QLieAs";;"708367336131133440"
asbestosmoldct;2016-03-11 19:24;1;"Snow mold pops up right after melting, causing allergies http:// buff.ly/1XgOyM6";;"708357897823113217"
nucleargalaxy;2016-03-11 15:52;0;"Snow mold has be suffering. Why can't it stay winter forever?? I hate the spring thaw.";;"708304658029215744"
uwpaul;2016-03-11 01:06;8;"Seeing some great Microdochium at the Oregon St snow mold field day pic.twitter.com/BDHvZAqjLa";;"708081700379594752"
wilsonsghouse;2016-03-10 23:15;0;"Some great info on snow mold ! http:// fb.me/780OZIVTF";;"708053722106998784"
migreenskeeper;2016-03-10 19:08;0;"Snow Mold http:// buff.ly/1QGDHt9";;"707991430833303553"
NHLAVerde;2016-03-10 15:59;0;"Snow #mold is a fungus, that develops after 40 to 60 days of #snow cover and when #temperatures are around freezing. http:// bit.ly/21DxZgr";#mold #snow #temperatures;"707943847926468608"
uwpaul;2016-03-10 05:38;1;"Things are looking good for our northern snow mold firewall https:// twitter.com/marquettegolf/ status/707671003992858624 …";;"707787654666985472"
SamLeatherberry;2016-03-10 01:36;0;"Anyone else spray Proxy with their snow mold or in the fall? I'm hoping with this early warm weather we will see some results. #proxyprimo";#proxyprimo;"707726813104095232"
Elsablaine;2016-03-10 00:46;0;"@vidman my coworker was saying her eyes were burning today. She thought it was too early for allergies but we never thought of snow mold .";;"707714179537477632"
vidman;2016-03-10 00:44;0;"Ugh #allergies . Anyone else suffering today? With the ice almost gone, all that snow mold is flying around in the air. Bring on the rain!";#allergies;"707713708089348102"
UMassTurfPath;2016-03-09 20:43;1;""Maybe I should have worn shorts today"...File that under things you don't normally say while rating snow mold plots in March";;"707652970603749376"
Inspect4molD;2016-03-09 19:38;0;"Snow mold pops up right after melting, causing allergies http:// ow.ly/ZgzL1";;"707636803508047872"
Glencairnsuper;2016-03-09 18:07;0;"This why we spray prevetatively for snow mold . Bentgrass (greens, tees, fairways)is 100 % disease free. pic.twitter.com/s2ggCtVnu8";;"707613769808093184"
TurfgrassCanada;2016-03-09 15:32;2;"Do winter covers increase snow mold ? @uwpaul @Turfdiseases http:// ow.ly/V6KcT";;"707574665091424256"
marydavelindsay;2016-03-09 03:33;0;"Asthma!! Snow mold ? https:// twitter.com/lawyer1mom/sta tus/707363741717762048 …";;"707393873639776259"
netminderbois;2016-03-08 20:14;0;"@stoicbeard The smell of snow mold and thawing dog crap around the 'hood is swirling through my house with every gust of wind.";;"707283466853830656"
fortfunlawncare;2016-03-08 17:03;0;"It's about time for a Power Raking, and don't worry, we know how to handle that pesky Snow Mold ! #FortCollinsLawnCare #PowerRaking";#FortCollinsLawnCare #PowerRaking;"707235407793147904"
Blindbeader;2016-03-08 03:08;0;"@Eilonwy24 They work really really well. Even the holistic vet thinks it can act as a stop gap for a couple weeks until snow mold is gone";;"707025076604899329"
Lush_Landscapes;2016-03-08 01:36;0;"Steps to Help Prevent Snow Mold http:// fb.me/7MVNVtNnl";;"707002017940635648"
codyjbeckley;2016-03-07 21:52;0;"Spending more time in the turf lab - completed my first set of DNA extractions from snow mold : pic.twitter.com/RghAODJZmd";;"706945766560890880"
uwpaul;2016-03-07 19:49;0;"The melting snow is revealing some nice snow mold pressure in NE Wisconsin https:// twitter.com/dwmarach/statu s/706902402818043904 …";;"706914654296023042"
PUSportsTurf;2016-03-07 18:06;0;"Pink snow mold that was under the blankets pic.twitter.com/kD5DZLQMNj";;"706888815730884608"
NHLAVerde;2016-03-07 18:02;0;"Great tip to avoid snow mold on your grass! https:// twitter.com/BriggsStratton /status/705846670181978112 …";;"706887703451672577"
NHLAVerde;2016-03-07 15:59;0;"Snow #mold is a fungus, that develops after 40 to 60 days of #snow cover and when #temperatures are around freezing. http:// bit.ly/21DxZgr";#mold #snow #temperatures;"706856684254134272"
Dusk357A;2016-03-05 23:50;0;"Every few yrs I go thru daily sneezing fits iñ the Spring and can't figure out why. Then suddenly remember SNOW MOLD . My only allergy.";;"706250562220761089"
WolfgangCloud;2016-03-05 00:24;0;"@BenHUlmer snow mold here to represent *sniff*";;"705896768769101824"
siestalawncare;2016-03-04 17:23;0;"Get your Snow Mold Mitigated with us right here at Siesta Lawn Care! Call us at 970-690-3584. #SiestaLawnCare #SnowMoldMitigation";#SiestaLawnCare #SnowMoldMitigation;"705790870776320000"
fortfunlawncare;2016-03-04 16:41;0;"Get your Snow Mold taken care of today! Call Fort Collins Lawn & Garden now at 970-368-4496. #SnowMoldMitigation #FortCollinsLawnCare";#SnowMoldMitigation #FortCollinsLawnCare;"705780127360274432"
NHLAVerde;2016-03-04 15:59;1;"Snow #mold is a fungus, that develops after 40 to 60 days of #snow cover and when #temperatures are around freezing. http:// bit.ly/21DxZgr";#mold #snow #temperatures;"705769521164890112"
StaceyFergs;2016-03-04 15:51;0;"OK. I NEVER do this. But I have to go have a long nap lol. I'm getting killed by this snow mold allergy, and... http:// fb.me/2z61p66Jr";;"705767644134150147"
RuthinPwllGlasg;2016-03-04 14:24;0;"Ladies Mail on Sunday Match v Mold postponed to the 12th March due to snow Mold Golf Club";;"705745649480765440"
AdvancedCon;2016-03-04 13:30;0;"Welcome #spring snow-mold -free with this #ACTip . pic.twitter.com/XzW2wZqxVo";#spring #ACTip;"705732022736564226"
erictwatkins;2016-03-03 05:13;0;"@MDTurfPathology I know you are trying to build the cv, but no need to cite every sighting of snow mold";;"705244597040103424"
MDTurfPathology;2016-03-03 02:43;2;"While we wait for springtime, snow mold is here! 3 different citings in the past 24 hrs. pic.twitter.com/huTIrgTXR2";;"705206963320152064"
WeedProOhio;2016-03-02 23:30;0;"Beware of Snow Mold this Spring! http:// hubs.ly/H02cHh-0";;"705158242868051968"
ncdisasterteam;2016-03-02 18:36;0;"Greeley residents battling snow mold after white stuff #moldremoval , #moldremediation http:// webogi.com/6xZVRl pic.twitter.com/wraSvSPPam";#moldremoval #moldremediation;"705084471817670657"
nerdyki1130;2016-03-02 17:36;0;"Fuck the Greeley Tribune and their ill-informed article on snow mold";;"705069364714696704"
siestalawncare;2016-03-02 17:01;0;"Fort Collins and Windsor - Don't let Snow Mold get you Down. Call us today for your Snow Mold removal service. 970-690-3584 #SnowMold";#SnowMold;"705060579560579072"
NHLAVerde;2016-03-02 15:59;0;"Snow #mold is a fungus, that develops after 40 to 60 days of #snow cover and when #temperatures are around freezing. http:// bit.ly/21DxZgr";#mold #snow #temperatures;"705044744791941121"
greeleyjournal;2016-03-02 14:32;0;"Weld County residents battling snow mold after white stuff finally melts: It’s no secret that mold thrives in dark,… http:// m.tbnn.it/Kg990g";;"705022901821403136"
greeleyjournal;2016-03-02 11:50;0;"Greeley residents battling snow mold after white stuff finally melts: It’s no secret that mold thrives in dark,… http:// m.tbnn.it/Kg5dfB";;"704982256956276736"
CoCalLandscape;2016-03-02 04:16;0;"Snow Mold Disease Can Be Controlled - http:// cocal.com/snow-mold-dise ase-can-controlled/ …";;"704867942568058882"
iSellNoCoHomes;2016-03-02 01:46;0;"What is snow mold on you lawn and how do you treat it? http:// buff.ly/1OydOXW pic.twitter.com/b00pYlRppy";;"704830145425707009"
KCAssociatesHOA;2016-03-02 00:40;0;"Snow mold and voles are becoming a common problem around Colorado. See if your lawn is at risk! http:// bit.ly/1TPUoEP";;"704813496026816512"
WoodlandsTurf;2016-03-01 23:19;0;"Snow mold . Not funny but looks like #Sourpatchkidsgummybear pic.twitter.com/uO3no6RYm1";#Sourpatchkidsgummybear;"704793112288370689"