username;date;retweets;text;hashtags;id;Agritweet;Category
GardeningLife2;6/24/2016 23:06;2;Using Milk to Prevent Powdery Mildew - #gardening #garden #diy http:// gardeninglife.xyz/using-milk-to- prevent-powdery-mildew/ … pic.twitter.com/WcLSkSlSqw;#gardening #garden #diy;7.46449E+17;y;Awareness
pptsearch365;4/14/2016 3:11;0;powdery mildew PPT Template - http://www. pptsearch365.com/powdery-mildew .html … #powdery #mildew;#powdery #mildew;7.20419E+17;y;Others
OkieMGs;6/17/2016 15:22;0;Fact sheet EPP-7617 on powdery mildew on crape myrtles and more: http:// pods.dasnr.okstate.edu/docushare/dswe … @okstate_ag;;7.43796E+17;y;Awareness
BudGardenCentre;4/2/2016 10:19;0;@BackyardLarder @papaver It is hairy... and susceptible to powdery mildew . Not the stuff of banquets!;;7.16178E+17;y;Awareness
Susang6;4/18/2016 8:22;0;6 Ways to Prevent Powdery Mildew https:// shar.es/1jy7mY via @sharethis;;7.21947E+17;y;Awareness
Susang6;5/13/2016 12:07;0;2 Organic fungicides that kill Powdery Mildew , I use them in my garden, they work http:// brev.is/8DzC;;7.31063E+17;y;Awareness
EurekaMag;3/7/2016 2:41;8;#EurekaMag Effects of powdery mildew disease on uptake and metabolism of nitrogen by roots of infected barley http:// dlvr.it/KjLGt2;#EurekaMag;7.06656E+17;y;Research
GreatGardening2;4/8/2016 19:43;0;Get Rid of Powdery Mildew on Plants - http:// greatgardening.xyz/get-rid-of-pow dery-mildew-on-plants/ … #garden #gardening #gardens pic.twitter.com/HZCfTgVAh5;#garden #gardening #gardens;7.18495E+17;y;Awareness
BrandonFKenney;5/15/2016 4:53;4;Nice read on how to use the Gubler-Thomas Powdery Mildew Index (see below) http:// bit.ly/1TbUMzq #plantpathology;#plantpathology;7.31679E+17;y;Awareness
PSILabs;3/21/2016 16:50;0;#Repost @labtech_psi ・・・ Powdery mildew , a fungus that loves the cannabis plant. Pow… http:// ift.tt/1RaB3xg pic.twitter.com/ifEdJmJPuJ;#Repost;7.11943E+17;y;Others
CHansenAg;3/28/2016 22:28;0;Found stripe rust pustules in lower leaf canopy in a plot in Osborne County Kansas. Also found powdery mildew here. pic.twitter.com/HATapwpSVf;;7.1455E+17;y;self
OkieMGs;6/17/2016 15:22;0;Powdery mildew appearing on your crape myrtle? Prevent it by planting resistant varieties, leaving space for air flow, don't over fertilize.;;7.43796E+17;y;Awareness
LiebeGroup;6/10/2016 8:19;0;@TyTekAg reports finding powdery mildew in a five leaf Bass barley crop in Wongan Hills. Read more - https://www. agric.wa.gov.au/newsletters/pe stfax/pestfax-issue-9-june-2016?page=0%2C4#smartpaging_toc_p4_s0_h2 …;#smartpaging_toc_p4_s0_h2;7.41153E+17;y;news
JubileeScape;4/19/2016 22:53;0;Last week's rainy weather made ideal conditions for plant diseases like this powdery mildew : http://www. jubileescape.com/blogs/inspecti on-report-week-of-april-11-2016/ … pic.twitter.com/nr0REOr2zO;;7.22529E+17;y;Awareness
PNWNurseryIPM;6/6/2016 20:34;0;Hi Alan. Suspect it is an early indication of the full-blown powdery mildew that plant gets. http:// oregonstate.edu/dept/nurspest/ powdery_mildew_stachys.htm … https:// twitter.com/UTPlantDoc/sta tus/739887043812134913 …;;7.39888E+17;y;self
SeaCropCA;5/7/2016 2:08;0;I liked a @YouTube video http:// youtu.be/5f8s6-ipvOc?a How to Fight Powdery Mildew in the Grow Room;;7.28738E+17;y;Awareness
ConservationTV;3/13/2016 3:35;0;Powdery mildew relief found in your kitchen pantry! http:// zkq.me/Sa4SC;;7.08844E+17;y;Awareness
FrickWinery;6/12/2016 16:20;0;Sunrise Sunday Sulfuring. An ongoing summer job. Micronized organic sulfur dust keeps powdery mildew away. http:// fb.me/6f9HTaFq2;;7.41999E+17;y;Awareness
garydyke1;5/7/2016 18:43;0;Successful day clearing weeds , love the powerstrimmer! Garden looks good. Should reduce chances of powdery mildew late summer .;;7.28989E+17;y;Others
jacquet_chris;6/17/2016 13:12;0;Synaptotagmin 1 Negatively Controls the Two Distinct Immune Secretory Pathways to Powdery Mildew Fu... | @scoopit http:// sco.lt/4pghqz;;7.43763E+17;y;Awareness
ConservationTV;5/25/2016 20:51;0;Powdery Mildew : Kitchen Cure to Stop Cucumber and Squash Loss http:// qza.me/DIZXL;;7.35544E+17;y;Awareness
thePeerJ;5/17/2016 22:00;1;Transcriptomic analysis reveals distinct #resistance to cucumber powdery #mildew https:// peerj.com/articles/1991/ pic.twitter.com/ZNb6LEG633;#resistance #mildew;7.32662E+17;y;Research
DAF_WA;6/16/2016 6:46;6;Powdery mildew reported in barley in Wongan Hills #PestFax http:// bit.ly/1txtFEb pic.twitter.com/uqQxBCCVQY;#PestFax;7.43304E+17;y;news
OkieMGs;6/14/2016 18:12;1;Fact sheet EPP-7617 on powdery mildew on crape myrtles and more: http:// pods.dasnr.okstate.edu/docushare/dswe b/Get/Document-1009/EPP-7617-2014.pdf … @okstate_ag;;7.42752E+17;y;Awareness
LittleRedAussie;5/25/2016 3:43;0;@LittleRedAussie thats called powdery mildew , most common in vine plants and we are apparently paying 4$ A POUND for moldy grapes. Wow. :);;7.35285E+17;y;Others
thingsgreen;3/15/2016 1:14;0;Easy Steps to Controlling Powdery Mildew on Roses If roses are the language of love and you can't even... http:// fb.me/4XDXD1koK;;7.09533E+17;y;Awareness
EmiruwithIoT;6/12/2016 15:14;0;"Update my blog.  Snap garden peas has powdery mildew ."" http:// emiru.sakura.ne.jp/blog/06122016 #gadenpeas #gardening pic.twitter.com/dqWlbeJEzz""";#gadenpeas #gardening;7.41982E+17;y;Awareness
ipmmooc;3/4/2016 14:36;0;patoliyabv:DUE TO HIGH LEVEL OF POWDERY MILDEW IN GRAPES;;7.05749E+17;y;Awareness
SurvivorMed;4/23/2016 19:53;1;Powdery Mildew Treatment: How To Kill Powdery Mildew Fast http:// snip.ly/y6wuj #survival #preppers #prepping #shtf;#survival #preppers #prepping #shtf;7.23933E+17;y;Awareness
CEVokins;5/25/2016 6:39;1;Roseclear for powdery mildew on vines? Client insisting. I'm not keen. Thoughts please twitter....;;7.35329E+17;y;Others
PestGeekPodcast;5/20/2016 22:16;0;Powdery mildew on watermelon found in South Carolina - Dr. Anthony Keinath, Vegetable Pathologist at Clemson Un... http:// ow.ly/CBIt500vqIV;;7.33753E+17;y;news
jaykyalo;3/2/2016 10:49;0;M-Farm · Powdery Mildew in Capsicums http:// disq.us/9aewv5;;7.04967E+17;y;Awareness
kommerell;4/4/2016 10:18;0;Wheat with Improved Powdery Mildew Resistance (University of Zurich) - socialmedia_absender | @scoopit http:// sco.lt/4iDUZN;;7.16903E+17;y;Awareness
usagardencare;6/22/2016 1:48;0;Green Cleaner, 128 Ounce (Gallon) - Spider Mite Killer & Powdery Mildew Fungicide http:// landmatus.com/shop/patio-law n-and-garden/green-cleaner-128-ounce-gallon-spider-mite-killer-powdery-mildew-fungicide/?utm_source=ReviveOldPost&utm_medium=social&utm_campaign=ReviveOldPost … #patiolawnandgarden;#patiolawnandgarden;7.45403E+17;y;Awareness
TomWhitfield10;5/23/2016 17:52;4;Easily finding powdery mildew in wheat crops this year, variety is crusoe for bread making. T2 morpholine will help. pic.twitter.com/MlKlmUsKQy;;7.34774E+17;y;self
Susang6;3/30/2016 2:45;0;5 ways to prevent powdery mildew @yard and garden secrets blog http:// pinterest.com/pin/4645745177 92350729/ …;;7.14977E+17;y;Awareness
Isaela_V;5/24/2016 19:03;1;Spraying Thrichiderma for #powdery mildew control pic.twitter.com/oYbDtadStc;#powdery;7.35154E+17;y;self
JetPenny;6/21/2016 12:25;0;#MustWeed Powdery Mildew Can Destroy Your Plants & Make You Sick http:// Fortune420.com pic.twitter.com/nGL2foE182;#MustWeed;7.45201E+17;y;Awareness
klsywd;6/26/2016 22:27;0;@klsywd microscopy actually revealed it to be powdery mildew , which is a similar looking but unrelated fungus! Oops :P;;7.47165E+17;y;self
FlatBud;6/23/2016 19:00;0;Powdery Mildew https:// flatbud.com/disease/powder y-mildew … #powderymildew pic.twitter.com/SrfWG4Doxa;#powderymildew;7.46025E+17;y;Awareness
inworldofwords;5/24/2016 21:06;0;" Powdery mildew will suck the life out of your plant"", ahí dicho sin rencor ni nada eh.""";;7.35185E+17;y;Others
UNL_CropWatch;4/22/2016 20:49;3;Powdery mildew , stripe rust among #wheat diseases noted in CW this week. http:// bit.ly/1U8XCEk @NebraskaWheat pic.twitter.com/x1b3FT89QV;#wheat;7.23585E+17;y;Awareness
GardenEffect;5/21/2016 0:58;0;After you've been fighting with powdery mildew TOO long isn't it time you try a sulfur vaporizer? #indoorgardening pic.twitter.com/cVCcLg7yGv;#indoorgardening;7.33794E+17;y;Awareness
giroudtree;6/29/2016 16:01;0;Powdery mildew is a common disease on many types of plants like Crepe Myrtles, Dogwoods and other ornamental trees. pic.twitter.com/TQYjm1Yslo;;7.48154E+17;y;Awareness
drkhaledarafat;5/3/2016 14:22;0;Application of Statistical Model for Forecasting Powdery Mildew of Grapes under Egyptian Conditions Based on Meteor http:// goo.gl/mTGMak;;7.27473E+17;y;Research
Innspub1;3/14/2016 14:12;0;Resistance To Powdery Mildew And Cercospora Leaf Spot Of Multigerm Dihaploid http://www. innspub.net/ijaar/resistan ce-to-powdery-mildew-and-cercospora-leaf-spot-of-multigerm-dihaploid-sugar-beet-lines-and-its-inheritance-in-their-hybrids/ … #deliciousTrending via @delicious;#deliciousTrending;7.09367E+17;y;Research
Hort_Consultant;4/4/2016 22:57;1;Another great article from HortiDaily. This one is regarding #UV light as a treatment for powdery mildew .... http:// fb.me/7Qv1SPzaC;#UV;7.17094E+17;y;Awareness
CameronHild;6/7/2016 0:07;1;Time to load shed with @Bayer4CropsCA Prosaro for #Winterwheat #scout16 fhb, tan spot, powdery mildew ! @DougWahl pic.twitter.com/cVsiM5T0cu;#Winterwheat #scout16;7.39942E+17;y;Others
viviannastevens;6/25/2016 22:47;0;Peony powdery mildew ? http:// ift.tt/28VuHkW #Gardening;#Gardening;7.46807E+17;y;Others
QueenKika;6/13/2016 20:00;0;My allotment veggies are doing fantastic, except my beans which immediately developed powdery mildew . Was told about milk spray, will report;;7.42416E+17;y;self
AGFoodSS;4/15/2016 20:25;0;The Problem With Powdery Mildew In Pumpkin http:// drg.io/1QclNe5;;7.21042E+17;y;Awareness
SurvivorMed;5/24/2016 12:55;3;Powdery Mildew Treatment: How To Kill Powdery Mildew Fast http:// snip.ly/y6wuj #survival #preppers #prepping #shtf;#survival #preppers #prepping #shtf;7.35062E+17;y;Awareness
MandyCanUDigIt;3/26/2016 19:26;0;Powdery mildew already on Euphorbia polychroma - v. dry here. How to tackle it. #gardening http:// bit.ly/1PxLBGO pic.twitter.com/eUeJoVkB5h;#gardening;7.13794E+17;y;Awareness
WoollyGreen;6/14/2016 11:25;0;Guard against powdery mildew – choose resistant varieties where possible, here's a bit more info http:// ow.ly/xhjj300Tcjz;;7.42649E+17;y;Awareness
kraftymax;5/19/2016 2:36;0;Rose tips #2 - Avoiding Powdery Mildew ! http:// goo.gl/0xnJPB via @jbgreenthumb;#2;7.33094E+17;y;Awareness
peuforte;3/26/2016 15:10;0;nic Control of Black Spot/ Powdery Mildew , Aphids, and Caterpillars - http:// goo.gl/I7ofdE via @NCoastGardening;;7.1373E+17;y;Awareness
rnomics;5/23/2016 19:03;0;"Reprint of Sequence and phylogenetic analyses of novel totivirus-like double-stranded RNAs from field-collected powdery mildew fungi"". - P…""";;7.34792E+17;y;Research
DonnersDirt;4/29/2016 21:53;5;13.5oz Caramba Feekes 10.5.1 Head Scab Application in wheat. If Stripe Rust & Powdery Mildew present use up to 17oz pic.twitter.com/ZWDUIOsEac;;7.26137E+17;y;Others
deltagardener;5/28/2016 17:42;0;is writing about cabbage loopers, powdery mildew and early blight. Yes, it looks like all 3 are happening in the lower mainland.;;7.36583E+17;y;self
hortidaily;4/4/2016 23:00;2;US: UV light effective treatment against powdery mildew @Hort_Consultant http://www. hortidaily.com/article/25303/ US-UV-light-effective-treatment-against-powdery-mildew … pic.twitter.com/iMEhMmf1Ty;;7.17094E+17;y;Awareness
FlatBud;5/4/2016 19:00;0;Powdery Mildew https:// flatbud.com/disease/powder y-mildew … #powderymildew pic.twitter.com/ZBg8OfUSdA;#powderymildew;7.27906E+17;y;Awareness
AR_Resistance;6/13/2016 20:18;0;@JeffGohogs tried all kinds of natural remedies for the bad insects and powdery mildew . Remembered DE for the but it was a bit late...;;7.42421E+17;y;self
WaterlooCrop;5/25/2016 16:52;2;Seeing some powdery mildew in dense wheat areas near elora #fromthefield #ontag #scout16 pic.twitter.com/pewE3zjE5r;#fromthefield #ontag #scout16;7.35484E+17;y;self
AiroClean420;6/16/2016 21:37;0;A multi-faceted prevention plan is crucial to prevent powdery mildew on cannabis plants. http:// buff.ly/25IWsGH;;7.43528E+17;y;Awareness
pptsearch365;4/14/2016 3:12;0;powdery mildew anamorph Powerpoint Templates - http://www. pptsearch365.com/powdery-mildew -anamorph.html … #powdery #mildew #anamorph;#powdery #mildew #anamorph;7.20419E+17;y;Others
viviannastevens;6/14/2016 0:43;0;Is this powdery mildew on my squash plant? http:// ift.tt/1Yoi9GG #Gardening;#Gardening;7.42488E+17;y;Others
gregroth1;4/20/2016 13:54;2;Powdery mildew on barley...most lines have none but this malting variety Maja has a lot. Variety selection matters. pic.twitter.com/boywp0jaQU;;7.22755E+17;y;self
xDOWNSOUTHx;5/8/2016 0:55;0;@JorgeCervantes Luckily I haven't ran into powdery mildew issues. But reading up on it makes for good understanding of diagnosis and treatme;;7.29082E+17;y;Others
BloomingSecrets;3/31/2016 20:00;4;Garden Checklist: Spring has flowers – and powdery mildew http:// sacb.ee/5MnQ pic.twitter.com/usewE2Bc0b;;7.156E+17;y;Awareness
wheat_papers;6/28/2016 16:06;0;PAMP-triggered immune responses in barley and susceptibility to powdery mildew . http:// dlvr.it/LgWSjL pic.twitter.com/sPxhJzlBzj;;7.47793E+17;y;Research
GlobalMilling;4/4/2016 11:44;1;Powdery Mildew Resistant Wheat Cultivar Introduced by Calyxt, Inc. - Small Grains | @scoopit via @kommerell http:// sco.lt/6zegE5;;7.16924E+17;y;Awareness
wheat_papers;4/7/2016 3:13;0;Silicon-mediated resistance of Arabidopsis against powdery mildew involves mechanisms other… http:// dlvr.it/L01tJ2 pic.twitter.com/HIc7Po47S6;;7.17883E+17;y;Research
MandyCanUDigIt;4/3/2016 21:16;0;Unbelieveable! Powdery mildew already - here's how to deal with it. #gardening http:// bit.ly/1PxLBGO pic.twitter.com/9wnLLRkauV;#gardening;7.16706E+17;y;Awareness
sshahn1;3/19/2016 2:38;0;To prevent powdery mildew you need to spray before leaves form with wettable sulphur. @Tracy_Vo @720perth;;7.11004E+17;y;Awareness
GreenFlyFlowers;4/11/2016 23:41;1;@ICCWS2016 @Hambledonwine @littlebedwyn @Alchemyxbubbles @hattingleywines @englishwine Powdery Mildew !!!!;;7.19642E+17;n;
loujnicholls;5/18/2016 6:38;0;@pollymm @BensBotanics even milk if used to treat powdery mildew needs it as used in that capacity is a chemical;;7.32793E+17;y;Others
GRDCNorth;6/21/2016 2:15;1;Sue Thompson @USQNews at #Toowoomba #GRDCUpdates on fungicide management of powdery mildew in #mungbeans . http:// bit.ly/1t2DlGm @theGRDC;#Toowoomba #GRDCUpdates #mungbeans;7.45047E+17;y;Awareness
powderymildews;4/14/2016 21:05;0;"Powdery Mildew Satellite mtg on Saturday (7/16); ISMPMI advance registration deadline 4/20 @ISMPMI";;7.2069E+17;y;Ad
K2412Na;4/3/2016 15:35;0;Nicole Reed ,Nitro Fusion ,No Fungus ,No Powdery Mildew ,No Spider Mites ,Nonnis Food Co ,Norse Dairy Systems… … http://allmer chants-allproducts.knowallforlife.com/nicole-reed-ni tro-fusion-no-fungus-no-powdery-mildew-no-spider-mites-nonnis-food-co-norse-dairy-systems-north-american-foods-north-american-hemp-company-north-american-herb-and-spice/ …;;7.1662E+17;y;Others
EurekaMag;5/18/2016 5:10;0;#EurekaMag A partial diallel study of powdery mildew resistance in six apple cultivars under three growing… http:// dlvr.it/LL6Rdv;#EurekaMag;7.3277E+17;y;Research
KrobLandscape;5/25/2016 2:45;0;#TipTuesday : Want to Get Rid of Powdery Mildew ? Here's a great organic spray made from items in your kitchen: http:// ow.ly/LF7k300j06I;#TipTuesday;7.3527E+17;y;Awareness
EurekaMag;4/16/2016 7:27;0;#EurekaMag Trehalose induces resistance to powdery mildew in wheat http:// dlvr.it/L4BkqP;#EurekaMag;7.21208E+17;y;Research
Gilesy256;6/28/2016 19:31;4;Mature powdery mildew on LG Cassidy in Cotswolds. Showing the black dots (Cleistothecia) inside the mildew colonies. pic.twitter.com/A4Bx7JR1JU;;7.47845E+17;y;self
grapepathology;6/29/2016 1:00;3;Another reminder on seasonal diseases: Photo: we have started to see powdery mildew on clusters. I hope you a... http:// bit.ly/29mjc5p;;7.47928E+17;y;Awareness
Jenny_alv1;4/28/2016 18:16;0;I liked a @YouTube video from @latebloomershow http:// youtu.be/ZxYABzrpm58?a Garden Control: Hairy Vetch, Powdery Mildew - Late Bloomer -;;7.2572E+17;y;Awareness
Life_Sciences_;3/6/2016 23:07;0;#EurekaMag Effects of soil water level on the development of adult plant resistance to powdery mildew in barley http:// dlvr.it/KjH192;#EurekaMag;7.06602E+17;y;Research
JimAnder1979;5/23/2016 2:15;0;2nd app. of Aprovia and 1/2 EBDC going on for #apple scab #powdery mildew. Good #bee activity after. @syngentacanada pic.twitter.com/RR8dulW6sa;#apple #powdery #bee;7.34538E+17;y;self
CCH_USQ;6/21/2016 2:24;0;#Mungbean powdery mildew cooler humid conditions favour the disease https:// twitter.com/Allawishus/sta tus/745047646482554880 …;#Mungbean;7.4505E+17;y;Awareness
gartenatelier;3/24/2016 5:41;0;Bakink powder against powdery mildew - the Eu allows alternative methods. Quelle: Naturimgarten.at http:// fb.me/7OJJXlvgK;;7.12862E+17;y;Awareness
PNWNurseryIPM;5/3/2016 23:59;1;Spotted: powdery mildew on Cotinus or smokebush. Time to monitor for powdery mildew . http:// oregonstate.edu/dept/nurspest/ powdery_mildew_cotinus.htm … pic.twitter.com/tIw03I4mNO;;7.27619E+17;y;Awareness
johnefrancis;6/8/2016 9:28;0;@psyoureanidiot you're developing powdery mildew . Spray leaves with dilute milk.;;7.40445E+17;y;self
WAindoor;6/21/2016 21:57;0;#86mitesandmold with #norcalnutrients 4 essential oils. All natural. Eliminates powdery mildew … https://www. instagram.com/p/BG7dfRQPSIg/;#86mitesandmold #norcalnutrients;7.45345E+17;y;Awareness
MyGardenTeam;6/11/2016 11:53;0;Powdery Mildew http://www. gardenadvice.co.uk/advisor/garden ing-tips/powdery-mildew/ …;;7.41569E+17;y;Awareness
theGRDC;4/14/2016 10:52;2;@DAF_WA pathologists on changes in virulence of powdery mildew pathogen in barley & mgmt options in 2016: http:// bit.ly/23wbHSi @CCDMnews;;7.20535E+17;y;Awareness
FlatBud;5/20/2016 19:00;0;Powdery Mildew https:// flatbud.com/disease/powder y-mildew … #powderymildew pic.twitter.com/AaCmTDJk5f;#powderymildew;7.33704E+17;y;Awareness
Vinsdeparisien;6/5/2016 23:45;0;OidiumCommon fungal disease also known as powdery mildew which attacks vine leaves, shoots and tendrils. After flowering the berries...;;7.39574E+17;y;Awareness
jessepstein;4/10/2016 18:10;0;Just sprayed my peonies w lime-sulfur to cut down powdery mildew . Good to do every few weeks tho I often forget. Give air too. #gardenchat;#gardenchat;7.19196E+17;y;self
SJVGrapes;5/21/2016 6:25;10;When #grapevine powdery mildew isn't killing berries, individual cells R killed, berries split & 2° pathogens attack pic.twitter.com/8LRLupvJjU;#grapevine;7.33876E+17;y;self
OSU_smallgrains;3/24/2016 3:34;2;@OkiefarmerBrent that is powdery mildew . I would wait and see;;7.1283E+17;y;self
Nicole_WardUK;4/14/2016 14:00;0;This week, we're preparing a #hemp powdery mildew susceptibility trial. Eighteen fiber, grain, and oil varieties... http:// fb.me/3jhEfaXZ2;#hemp;7.20582E+17;y;Others
LateBloomerShow;4/13/2016 20:08;0;Watch me get the hairy vetch cover crop and powdery mildew under control! Please share! http:// youtu.be/ZxYABzrpm58?a;;7.20313E+17;y;Awareness
baileybrissett;4/29/2016 0:11;0;Does me cleaning the powdery mildew off of my rosemary plant turn you on;;7.2581E+17;y;Others
LandscapingToda;3/23/2016 11:36;0;Milk, A Garden Miracle Against Powdery Mildew - http:// landscapingtoday.xyz/milk-a-garden- miracle-against-powdery-mildew/ … #landscaping #gardening #garden #gardens pic.twitter.com/ot0jSqr011;#landscaping #gardening #garden #gardens;7.12589E+17;y;Awareness
AiroClean420;3/8/2016 22:30;0;Many marijuana growers wonder whether it is possible to destroy powdery mildew on infused products. http:// buff.ly/1OYV981;;7.07318E+17;y;Awareness
OTCStockPicks1;6/21/2016 12:33;0;#MustWeed Powdery Mildew Can Destroy Your Plants & Make You Sick http:// dlvr.it/LcXzKn http:// Fortune420.com pic.twitter.com/uF6JKsUycL;#MustWeed;7.45203E+17;y;Awareness
CannabisIndy;6/12/2016 7:18;0;Help! White powdery mildew spots on various leaves of plants in grow tent. End of Week 8 - should we cut and harve… http:// ift.tt/21fzfFt;;7.41862E+17;y;self
DuncanBanner;4/25/2016 15:03;0;Column: Look out for powdery mildew or herbicide damage http:// fb.me/svR1hXcq;;7.24585E+17;y;Awareness
regwag2003;5/16/2016 0:38;0;@heathercorinna They are cute. Black with yellow stripes. They also eat&spread powdery mildew to cucumbers & other squash. Killed my melons!;;7.31977E+17;y;Others
FlatBud;3/1/2016 19:00;0;Powdery Mildew https:// flatbud.com/disease/powder y-mildew … #powderymildew pic.twitter.com/WqrbkooY3r;#powderymildew;7.04728E+17;y;Awareness
Farmanco;6/24/2016 11:50;16;Disease Alert: Our agronomists found powdery mildew on Calingiri wheat at Bindi Bindi yesterday;;7.46279E+17;y;news
DuarteAssociate;6/5/2016 1:00;0;Clusters with powdery mildew #grapes #productdevelopment #vine pic.twitter.com/npwpZrHoIx;#grapes #productdevelopment #vine;7.3923E+17;y;self
surnainc;3/11/2016 21:54;0;What's the easiest way to prevent mold and powdery mildew in your garden? Humidity Control: http:// buff.ly/1M4Kh8L pic.twitter.com/oHiK1esNDS;;7.08396E+17;y;Awareness
funnythat;5/29/2016 17:29;0;Garden planted! Maybe 1 of the 59000 zucchini plants won't get powdery mildew this year.;;7.36943E+17;y;self
pptsearch365;5/28/2016 1:48;0;powdery mildew PPT Slide - http://www. pptsearch365.com/powdery-mildew .html … #powerpoint #slide #powdery #mildew;#powerpoint #slide #powdery #mildew;7.36343E+17;y;Others
sherylphar;5/22/2016 19:50;0;Aspirin is the remedy for fungal plant problems, Black spot, powdery mildew , and rust are a terrible http:// pinterest.com/pin/3354478722 28184275/ …;;7.34441E+17;y;Awareness
skillforsurvivl;6/19/2016 13:10;0;Tropical Gardening Helpline: Powdery mildew is unattractive, but not usually fatal http:// bit.ly/1YAmkiG http:// bit.ly/1JX8ifV;;7.44488E+17;y;Awareness
garden_answers;3/31/2016 7:07;0;New blog post from http:// GardenAnswers.com about Powdery Mildew - http://www. gardenanswers.com/plant-diseases /powdery-mildew-5/ … pic.twitter.com/AjfYP1aEiV;;7.15405E+17;y;Awareness
GreenFlyFlowers;5/3/2016 21:57;0;@richardnyo @HampshireVines Got any tips for powdery mildew ?;;7.27588E+17;y;Others
SynWheat_Jen;3/24/2016 18:13;0;@OkiefarmerBrent @OSU_smallgrains looks like powdery mildew to me.;;7.13051E+17;y;self
wheatgen_papers;5/21/2016 12:08;0;Characterization of a New Pm2 Allele Conferring Powdery Mildew Resistance in the Wheat… http:// dlvr.it/LMZRzb pic.twitter.com/TvMqW6ifa2;;7.33963E+17;y;Research
dromius;4/5/2016 17:18;0;#SLS16 Wildermuth -controlled powdery mildew infection: conidia of same age on exactly 4.5 week old Arabidopsis leaves #infectionprecision;#SLS16 #infectionprecision;7.17371E+17;y;self
104homestead;5/12/2016 1:04;4;Has powdery mildew plagued your pumpkins? Learn how to deal with it naturally. #gardenlove http:// bit.ly/1TQnwuB pic.twitter.com/4YHbq9zLZG;#gardenlove;7.30534E+17;y;Awareness
insectimmpapers;5/6/2016 12:20;0;Molecular Cytogenetic Identification of a New Wheat-Rye 6R Chromosome Disomic Addition Line with Powdery Mildew … http:// dlvr.it/LF9RRY;;7.2853E+17;y;Research
keeleslc_sb;6/3/2016 11:33;0;A powdery mildew practical and citizen science opportunity from @SAPS_News http:// bit.ly/1t5Ln1j;;7.38665E+17;y;Others
MatthewMoscou;6/28/2016 17:31;0;#IBGS2016 Schweizer: Large scale analysis of the barley transcriptome in response to barley powdery mildew versus wheat powdery mildew;#IBGS2016;7.47815E+17;y;Research
HERBworthy;6/24/2016 16:00;4;Powdery Mildew Can #Destroy Your Plants & Make You #Sick - http:// buff.ly/28UvDab pic.twitter.com/tHixCKKAaZ;#Destroy #Sick;7.46342E+17;y;Awareness
VanWebFest;5/5/2016 21:43;0;I liked a @YouTube video from @latebloomershow http:// youtu.be/ZxYABzrpm58?a Garden Control: Hairy Vetch, Powdery Mildew - Late Bloomer -;;7.28309E+17;y;Awareness
pjderoc;6/4/2016 21:02;0;Anything to add @PratisaraB ? Powdery mildew in winter wheat. Lower canopy, crop @flag leaf & planned T3 fungicide. https:// twitter.com/CameronHild/st atus/739149565203349504 …;;7.39171E+17;y;self
UNLScottEvans;3/16/2016 16:25;1;Small patches of powdery mildew are showing up. Roller coaster weather is to blame. http:// goo.gl/cZzhAl #NebExt pic.twitter.com/TlcNirpogT;#NebExt;7.10125E+17;y;news
Ilove_marijuana;3/9/2016 23:11;2;Stop Powdery Mildew On Marijuana Plants Now! http:// buff.ly/1ORocQh pic.twitter.com/AV9xLNxnfP;;7.0769E+17;y;Awareness
AusCropDiseases;6/10/2016 8:59;0;WA: Powdery mildew impact on wheat yields and research into management strategies. http:// bit.ly/1XdnlNH @theGRDC @theCCDM;;7.41163E+17;y;Research
drtreefruit;6/2/2016 15:25;4;I received a present this morning: Rusty spot ( powdery mildew ) on immature Loring peaches #plantdiseaseweather pic.twitter.com/WnHXq8cO2p;#plantdiseaseweather;7.38361E+17;y;self
OkieMGs;6/14/2016 18:08;1;Trim away shoots, suckers, and small crape myrtle branches infected with powdery mildew , dispose of properly. Trim plant to allow air flow.;;7.42751E+17;y;Awareness
otanezm;5/31/2016 14:20;1;Powdery mildew and mold in Colorado's cannabis cultivation sector? @UFCW #cannabis @news4anthros @SocMedAnthro pic.twitter.com/IxmqAk11o8;#cannabis;7.3762E+17;y;news
duncanmvm;6/11/2016 22:25;0;@eViticulture @MSUExtension it is primary powdery mildew . See it in UK all the time.;;7.41728E+17;y;self
DIVINEMAKEOVER;4/28/2016 8:27;0;How to Get Rid of Powdery Mildew on Rose Bushes http:// homeguides.sfgate.com/rid-powdery-mi ldew-rose-bushes-31948.html …;;7.25572E+17;y;Awareness
Hutchinsons_SF;6/8/2016 11:32;2;Powdery mildew now becoming a serious issue in #strawberries Keep up a weekly spray programme to keep on top of it pic.twitter.com/ulUBiUV8dL;#strawberries;7.40476E+17;y;Awareness
GlobalMilling;4/4/2016 11:43;0;Wheat with Improved Powdery Mildew Resistance (University of Zurich) - socialmedia_a... | @scoopit via @kommerell http:// sco.lt/8MWk7N;;7.16924E+17;y;Awareness
blanca_mar2004;3/6/2016 20:32;0;Growing Zucchini . Remedy for powdery mildew - got it on my squash, pumpkin and zucchini plants this http:// pinterest.com/pin/3436106465 50915729/ …;;7.06563E+17;y;Awareness
APS_CLARE;3/15/2016 7:01;3;Interaction of Basal Foliage Removal and Late-Season Fungicide Applications in Management of Hop Powdery Mildew http:// apsjournals.apsnet.org/doi/abs/10.109 4/PDIS-10-15-1232-RE …;;7.0962E+17;y;Research
VoiceofJonathan;4/25/2016 22:25;0;I come home after 5 days to find the rosebush in bloom! The fight against powdery mildew … https://www. instagram.com/p/BEovZYKie0k/;;7.24696E+17;y;Others
Matt_Ben_;4/5/2016 17:21;1;#SLS16 M. Wildermuth: powdery mildew infection promotes endoreplication in mesophyll cells - up to 32C at the site of infection;#SLS16;7.17372E+17;y;Awareness
ewlarson546;5/27/2016 16:21;0;ROSE SPRAY-helps prevent diseases such as rust, blackspot, and powdery mildew . Mix together: • http:// pinterest.com/pin/3460031838 53576362/ …;;7.36201E+17;y;Awareness
KeywanHP;6/20/2016 22:25;0;@genetics_blog It could be the powdery mildew fungus. Others @Rothamsted might know better. You can also take a sample and sequence it. :);;7.4499E+17;y;Others
RobertOConnor1;3/19/2016 1:25;0;Oli's powdery mildew survey is running again this year. Please can you help him build up a clearer picture of the... http:// fb.me/7Jvy8YbtR;;7.10986E+17;y;Others
SJVGrapes;4/15/2016 23:23;3;Already shoot thinning #wine #grapes Getting ready for warmer weather #grapevine powdery mildew management. #IPM pic.twitter.com/ZyDMOGrpry;#wine #grapes #grapevine #IPM;7.21087E+17;y;Awareness
BDCOCPA;3/10/2016 17:44;0;"We teach measurements for wineries but who knew they measured evapotranspiration, growing degree-days, powdery mildew pressure""? #STEM""";#STEM;7.0797E+17;y;Others
McKinneyTimes;6/25/2016 10:56;0;Sperry: Powdery mildew on crape myrtles will soon disappear - Times Record News http:// dlvr.it/LfFMgT pic.twitter.com/PvsSoOF7oa;;7.46628E+17;y;Awareness
lovelifeinc;5/8/2016 0:13;0;Ink spots. This rose struggled last year with black spot, rust and powdery mildew . I made some… https://www. instagram.com/p/BFH1R_jRPDa/;;7.29072E+17;y;Others
RegressedPDO;6/20/2016 23:51;0;@taranaki66 if they aren't in danger of dying from powdery mildew , that's probably a good plan;;7.45011E+17;y;Others
theGRDC;4/4/2016 7:01;7;Timing of fungicide application for powdery mildew control more important than product choice: http:// bit.ly/1RWkrMa @CCDMnews @DAF_WA;;7.16853E+17;y;Awareness
hiasilrdne;3/8/2016 22:48;0;#EurekaMag Effect of powdery mildew infection of sugar beet on the content of electron carriers in chloroplasts http:// dlvr.it/KkJWwy;#EurekaMag;7.07322E+17;y;Research
wheat_papers;4/19/2016 20:33;0;Cytological and molecular analysis of nonhost resistance in rice to wheat powdery mildew … http:// dlvr.it/L5hsHw pic.twitter.com/xEGBdmhyRt;;7.22493E+17;y;Research
idiggreenacres;3/3/2016 5:24;0;@sriram20 Try with water. You might need a fungicide. Here's a link with more info about powdery mildew : http://www. ipm.ucdavis.edu/PMG/PESTNOTES/ pn7493.html …;;7.05248E+17;y;Awareness
unfurlingnet;6/11/2016 21:00;0;@Joon123 Powdery mildew ? Have they been very dry recently?;;7.41707E+17;y;Others
HuskerHort;5/23/2016 20:02;2;Plants looking a little grayish-white? Powdery mildew could be to blame. Read #NebExt HortUpdate for more: http:// hortupdate.unl.edu/update05162016;#NebExt;7.34807E+17;y;Awareness
Elaine_Schilhab;4/29/2016 3:51;0;@growingnorth A8 Got alpine strawberry seedlings. Have them indoors under lights. Looks like they got powdery mildew . Advice? #GrowingNorth;#GrowingNorth;7.25865E+17;y;self
hiasilrdne;3/7/2016 2:44;0;#EurekaMag Effects of powdery mildew disease on uptake and metabolism of nitrogen by roots of infected barley http:// dlvr.it/KjLJb7;#EurekaMag;7.06657E+17;y;Research
nugshots;6/27/2016 20:55;0;Powdery Mildew (PM) up close. This isn't even a bad section of the infestation on this… https://www. instagram.com/p/BHKzMpzD9qq/;;7.47504E+17;y;self
msfabfinds;4/22/2016 9:51;0;I liked a @YouTube video from @latebloomershow http:// youtu.be/ZxYABzrpm58?a Garden Control: Hairy Vetch, Powdery Mildew - Late Bloomer -;;7.23419E+17;y;Awareness
BotanicalSeeds;6/10/2016 0:04;0;@MysticPhoeniix yes, it is resistant to powdery mildew but they can get downy mildew in cool and wet conditions.;;7.41028E+17;y;Others
GardeningGlitz;3/28/2016 17:39;0;Growing Zucchini . Remedy for powdery mildew - got it on ... - http:// gardeningglitz.xyz/growing-zucchi ni-remedy-for-powdery-mildew-got-it-on-my-squash-pumpkin-and-zucchini-plants-this-year-1t-baking-soda-12-t-liquid-soap-and-1-gal-water-spray-weekly-preferably-in-am-but-not-wh/ … #garden #gardens #gardening pic.twitter.com/7Fpg7Wpvwe;#garden #gardens #gardening;7.14477E+17;y;Awareness
wheat_papers;4/7/2016 0:32;0;"Natural selection causes adaptive genetic resistance in wild emmer wheat against powdery mildew at Evolution… http:// dlvr.it/KzzRsb""";;7.17843E+17;y;Research
drtreefruit;6/22/2016 23:36;2;Interesting sighting in the orchard: Apple powdery mildew (on the shoots--Rome Beauty cultivar) #plantdisease pic.twitter.com/o2FvuIR5A8;#plantdisease;7.45732E+17;y;self
Jason_Mefford;3/1/2016 14:55;1;Powdery mildew found at Norborne, MO #croptrak pic.twitter.com/9LDxBygrOl;#croptrak;7.04666E+17;y;self
hiasilrdne;3/11/2016 8:52;0;#Scien Susceptibility of five faba bean cultivars to powdery mildew disease in western Canada http:// dlvr.it/KlbDw4;#Scien;7.08199E+17;y;Awareness
PanosSarris;4/7/2016 1:58;0;Resistance responses to powdery mildew in wheat. http://www. nature.com/articles/srep2 3805 … pic.twitter.com/irtxZkRzoc;;7.17864E+17;y;Research
hawarden_hrw;4/28/2016 5:04;0;@farminHD looking pretty good so far. Yea I've been hearing of that in the county. We battled powdery mildew early. Great moisture!!!;;7.25521E+17;y;Others
MysticPhoeniix;6/7/2016 16:13;0;beautiful! is strawflower resistant to pests, powdery mildew , etc? https:// twitter.com/BotanicalSeeds /status/740179268026667008 …;;7.40185E+17;y;Others
DesignGreen_ind;3/28/2016 14:25;0;Control powdery mildew infection on plants with diluted milk spray. http:// ow.ly/ZIMtm pic.twitter.com/Spr7e7wLcr;;7.14428E+17;y;Awareness
spanky6973;6/15/2016 7:16;0;6 Ways to Cure Powdery Mildew on Cannabis Organically - Mold Resistant Strains http:// fb.me/4zLA1TWIm;;7.42949E+17;y;Awareness
CLAYCORD;5/23/2016 7:13;1;Column: The Garden Girl – Rust, Blackspot and Powdery Mildew on Ornamental Shrubs http:// tinyurl.com/glm5cnx;;7.34613E+17;y;Awareness
FRGcurtin;5/12/2016 9:26;0;Wheat powdery mildew hit the West big time in 2015. If you want to send a sample in 2016, sampling instructions here http:// ccdm.com.au/wp-content/upl oads/2016/05/Single_-Mildew_Sampling.pdf …;;7.3066E+17;y;Awareness
par_papers;4/5/2016 18:34;0;Powdery mildew suppresses herbivore-induced plant volatiles and interferes with parasitoid attraction in Brassica… http:// dlvr.it/KzPBTn;;7.1739E+17;y;Research
wheatgen_papers;6/4/2016 12:31;0;Hybridization of powdery mildew strains gives rise to pathogens on novel agricultural crop species. http:// dlvr.it/LTT7Vh;;7.39042E+17;y;Research
Jonah_Agronomy;4/5/2016 17:45;1;Early foliar #wheat_diseases (i.e. powdery mildew , rust, septoria & stagonospora) may warrant early fungicide app. http:// agcrops.osu.edu/newsletter/cor n-newsletter/mild-winter-pathogen-survival-and-early-disease-development …;#wheat_diseases;7.17378E+17;y;Awareness
Bayer4CropsUS;3/31/2016 0:30;2;Are you managing crop diseases properly? Check out these valuable tools for fighting powdery mildew : http:// bit.ly/1MbRC6x #AgTips;#AgTips;7.15305E+17;y;Awareness
SecretsGreen;6/24/2016 20:03;0;Prevent powdery mildew with this spray: 1 gallon of ... - #garden #diy #gardens #gardening http:// greensecrets.xyz/prevent-powder y-mildew-with-this-spray-1-gallon-of-water-1-tablespoon-of-baking-soda-1-tablespoon-of-vegetable-oil-1-tablespoon-of-dishwashing-liquid-mix-the-ingredients-together-and-add-them-to-a-sp/ … pic.twitter.com/PJS8frq5Hz;#garden #diy #gardens #gardening;7.46403E+17;y;Awareness
FlatBud;5/21/2016 10:00;0;Did you know? Control powdery mildew with milk. Dilute 1 part milk in 9 parts water and spray on the plants.;;7.3393E+17;y;Awareness
5SAshevilleMkt;5/17/2016 15:50;0;April showers bring powdery mildew ? Unfortunately, yes. With all of the rain we've been having, we're going to... http:// fb.me/7ZhgiK43J;;7.32569E+17;y;self
ticaffi;5/3/2016 7:50;0;Efficacy of Biopesticides and Leaf Removal in Grapevine Powdery Mildew Management by #PMN http:// bit.ly/1SDrqEL;#PMN;7.27375E+17;y;Research
KMAS_7P;6/15/2016 21:08;2;Powdery Mildew in irrigated spring wheat #plant16 @aggrad96 @JennyRaeEllert pic.twitter.com/avXtEsp7Mj;#plant16;7.43158E+17;y;self
deltagardener;5/29/2016 4:48;0;@BlackfriarsGdns its been so dry here that there isn't any puddling on the lawns. Now we have powdery mildew .;;7.36751E+17;y;self
hortagentbeth;5/18/2016 18:05;0;RT @UTPlantDoc : Powdery mildew (Erysiphe pulchra) is visible on area flowering dogwoods (Cornus florida) in Mid TN. pic.twitter.com/9VTzQM61p4;;7.32965E+17;y;news
treevangelist;5/31/2016 20:37;0;oak-pine rust and powdery mildew ... and were predisposed because they were potted with soil in the mix #treechat https:// twitter.com/brlockwood/sta tus/737711326374551552 …;#treechat;7.37715E+17;y;Others
BCWGC;4/7/2016 19:14;0;Powdery Mildew Workshop @Township 7 Winery in Langley April 25, 8 - 12 email info@bcwgc.org or call 250.809.7107 to register;;7.18125E+17;y;Ad
MikeFranks753;4/4/2016 22:29;1;#Cellectis #Calyxt Powdery Mildew Resistant Wheat Cultivar Introduced by @Calyxt_Inc http:// goo.gl/VvHc4x;#Cellectis #Calyxt;7.17087E+17;y;Awareness
Max_Yield;6/21/2016 19:29;1;Think Small to Eliminate Powdery Mildew http:// bit.ly/28S69tj;;7.45308E+17;y;Awareness
DesignGreen_ind;5/20/2016 4:30;0;Control powdery mildew infection on plants with diluted milk spray. http:// ow.ly/MxAh1004MZU pic.twitter.com/Spr7e7wLcr;;7.33485E+17;y;Awareness
SouthStrandNews;5/20/2016 23:13;0;@ClemsonUniv specialist finds powdery mildew on watermelons http:// bit.ly/1TpoHip;;7.33768E+17;y;Awareness
theturfdoctor;4/15/2016 6:47;0;White Grass blades = Powdery Mildew http:// ift.tt/1VoUsgN Visit this link to to view The Turf Doctor's Blog!;;7.20836E+17;y;Awareness
wheat_papers;4/22/2016 22:59;0;Marker Assisted Transfer of Two Powdery Mildew Resistance Genes PmTb7A.1 and PmTb7A.2 from Triticum boeoticum… http:// dlvr.it/L77th3;;7.23617E+17;y;Research
wheat_papers;5/6/2016 22:25;0;Molecular Cytogenetic Identification of a New Wheat-Rye 6R Chromosome Disomic Addition Line with Powdery Mildew … http:// dlvr.it/LFN1VY;;7.28682E+17;y;Research
Redblotchvirus;5/4/2016 0:30;0;Trap & Numerate Powdery Mildew Spores to Aid Mgmt … http://wi neindustrynetwork.us5.list-manage.com/track/click?u= 4514823c73394431c2c9a58f3&id=7c3d06fac6&e=153ad6f381 … @SJVGrapes @grapetweets @NVGrapegrowers @UCCESonoma @LJtheGrape;;7.27626E+17;y;Awareness
viviannastevens;6/29/2016 19:54;0;Stop It Before It Starts: Powdery Mildew http:// ift.tt/293fzo6 #Gardening;#Gardening;7.48213E+17;y;Awareness
VAturf;5/2/2016 15:47;4;Rain & spring temps lead to 1st signs of Powdery Mildew on Va lawns. http:// tinyurl.com/Powdery-Mildew #vaturf #turfdisease pic.twitter.com/qtJgahhSLS;#vaturf #turfdisease;7.27132E+17;y;news
EurekaMag;5/13/2016 7:10;0;#EurekaMag Both stable and unstable QTLs for resistance to powdery mildew are detected in apple after four years of… http:// dlvr.it/LJ5gRj;#EurekaMag;7.30989E+17;y;Research
SyngentaUS;6/3/2016 17:10;0;Prevention is key when it comes to controlling powdery mildew in #grapes : http:// bit.ly/1UujcS5 #Agronomy;#grapes #Agronomy;7.3875E+17;y;Awareness
ILPestSurvey;5/4/2016 21:06;2;Lots to be looking for in wheat...stripe rust, armyworm, and powdery mildew https:// twitter.com/ChadwithBecks/ status/727926399630254085 …;;7.27937E+17;y;Awareness
CertisUK;3/25/2016 9:05;2;Powdery mildew infection tends to develop as crops mature rather than in young crops and developing tissue #StayAlert @hortweek;#StayAlert;7.13276E+17;y;Awareness
GetUOrganized;5/24/2016 13:39;0;Powdery mildew on tomato plants... remedy: spray with a baking soda, vegetable oil, water solution to change the... http:// fb.me/3IPGkvZSe;;7.35073E+17;y;Awareness
GardeningSpring;6/2/2016 0:12;0;How to Get Rid of Powdery Mildew on Zuchinni Plants thumbnail - http:// springgardening.xyz/how-to-get-rid -of-powdery-mildew-on-zuchinni-plants-thumbnail/ … #spring #gardens #gardening pic.twitter.com/bOVoRZ9rjb;#spring #gardens #gardening;7.38131E+17;y;Awareness
MandyCanUDigIt;5/14/2016 19:29;0;Downy mildew, powdery mildew & grey mould - how to prevent & cure. #gardening http:// bit.ly/1PxLBGO pic.twitter.com/Dynt6Y56XI;#gardening;7.31537E+17;y;Awareness
SeedWorldMag;3/22/2016 0:05;0;Powdery Mildew -Resistant Wheat Cultivar Developed http:// ow.ly/ZMhMp;;7.12052E+17;y;Awareness
spanky6973;6/21/2016 6:12;0;What to do About Powdery Mildew - Maximum Yield Indoor Gardening Magazine http:// fb.me/1mNM1RXEo;;7.45107E+17;y;Awareness
GardeningMan1;5/23/2016 7:00;0;5 Natural Ways to Get Rid of Powdery Mildew on Plants - #garden #gardens #gardening http:// gardeningman.xyz/5-natural-ways -to-get-rid-of-powdery-mildew-on-plants/ … pic.twitter.com/Gg1VSBA0sj;#garden #gardens #gardening;7.3461E+17;y;Awareness
AR_Resistance;6/13/2016 20:17;0;@JeffGohogs bad bug problems. Those tiny black beetles, squash borers, etc. powdery mildew . Had tried all kinds of natural remedies...;;7.42421E+17;y;self
MichaelJMaas;4/15/2016 21:36;1;Powdery mildew on a good % of front lawn. Saw 0 last year. Behind on mowing. #DontJudge pic.twitter.com/2L9suLR4l4;#DontJudge;7.2106E+17;y;self
RealSullivanWx;6/28/2016 16:26;0;@NJSnowFan @WeatherNut27 @ryancduff Squash love sun/heat/dry days. As long as it stays relatively dry, it ought to keep powdery mildew down;;7.47798E+17;y;Others
MyGardenTeam;6/1/2016 19:43;0;Powdery Mildew http://www. gardenadvice.co.uk/advisor/garden ing-tips/powdery-mildew/ …;;7.38063E+17;y;Awareness
AusGovNews;4/1/2016 1:49;0;GRDC - Wheat yields improved by timely powdery mildew control http:// bit.ly/1ROi3Ay;;7.15687E+17;y;Awareness
BrysonHaverkamp;4/5/2016 16:46;1;Powdery mildew fairly heavy in this Dickinson County test plot. Some stripe rust but hard to find. pic.twitter.com/lu4wsQYQ2D;;7.17363E+17;y;self
BYFUNL;6/5/2016 2:10;0;What is that white cast on my plants? #NEBEXT ​ Hort Update explains powdery mildew http:// ow.ly/DrAp300uTfY;#NEBEXT;7.39248E+17;y;Awareness
GreenbookData;3/26/2016 23:27;0;Powdery mildew resistant wheat cultivar developed - http:// buff.ly/1SfsMHg pic.twitter.com/eO1PTLFuqj;;7.13855E+17;y;Awareness
Susang6;4/13/2016 12:07;0;2 Organic fungicides that kill Powdery Mildew , I use them in my garden, they work http:// brev.is/8DzC;;7.20192E+17;y;Awareness
UTPlantDoc;6/6/2016 20:39;0;@PNWNurseryIPM Haven't seen powdery mildew , but the plant is so hairy, difficult to examine. Will look again. Thanks! Any aphids?;;7.39889E+17;y;Others
FarmingFutures;3/6/2016 19:41;1;Hybridization of powdery mildew strains gives rise to pathogens on novel agricultural crop species http://www. farmingfutures.org.uk/blog/hybridiza tion-powdery-mildew-strains-gives-rise-pathogens-novel-agricultural-crop-species …;;7.0655E+17;y;Awareness
rgayle0;5/22/2016 9:06;0;@Writer_DG As opposed to Lieutenant Leaf Rust or Ensign Powdery Mildew ?;;7.34279E+17;y;Others
Phytpath_Papers;6/4/2016 12:59;0;Hybridization of powdery mildew strains gives rise to pathogens on novel agricultural crop species. http:// dlvr.it/LTTXJ3;;7.39049E+17;y;Research
JimAnder1979;6/6/2016 13:44;2;#apple scab at highest risk. 48 hour kickback with Aprovia or Inspire Super. #scab & #powdery mildew @syngentacanada pic.twitter.com/mVodppROdi;#apple #scab #powdery;7.39785E+17;y;Awareness
Innspub1;3/14/2016 14:09;1;Resistance to powdery mildew and Cercospora leaf spot of multigerm dihaploid sugar beet http://www. innspub.net/ijaar/resistan ce-to-powdery-mildew-and-cercospora-leaf-spot-of-multigerm-dihaploid-sugar-beet-lines-and-its-inheritance-in-their-hybrids/ … pic.twitter.com/7Bdbz2bawt;;7.09366E+17;y;Research
rchlapecka;4/16/2016 0:11;1;Just like the stripe rust yesterday, powdery mildew loving the cool, wet conditions. pic.twitter.com/HM5dJQqlRq;;7.21099E+17;y;self
OkiefarmerBrent;3/24/2016 0:19;0;@nckohls I couldn't make up my mind. Color closer to powdery mildew so I think you're right. Nothing that another $12/ac won't fix.;;7.12781E+17;y;self
garden_answers;3/11/2016 6:42;0;New blog post from http:// GardenAnswers.com about Powdery Mildew On Apples - http://www. gardenanswers.com/plant-diseases /powdery-mildew-on-apples/ … pic.twitter.com/239zmbg3Qv;;7.08166E+17;y;Awareness
Bayer4CropsUS;3/23/2016 23:30;3;Powdery mildew can cause serious danger to #wheat yield. Consider these Crop Science solutions for your program: http:// bit.ly/1MbRC6x;#wheat;7.12768E+17;y;Awareness
viviannastevens;5/24/2016 22:16;0;"Yellow pear-shaped tomato"" problems = Powdery Mildew ? http:// ift.tt/1qHEgKc #Gardening""";#Gardening;7.35203E+17;y;Awareness
kreylix;6/12/2016 21:13;0;. @vinography Excellent acidity and a nice powdery mildew tannic muscle linger in the finish along with notes of violet. #ImproveATastingNote;#ImproveATastingNote;7.42072E+17;n;
surnainc;3/3/2016 20:50;0;Defeat Powdery Mildew In Your Grow! http:// buff.ly/1LXgBKH #surnablog;#surnablog;7.05481E+17;y;Awareness
AqleemAbbas;4/27/2016 5:03;0;Any management for Powdery mildew ? Powder mildew disease on pepper plant?? http:// fb.me/5lB9UWfp1;;7.25158E+17;y;Awareness
plantdisease;4/11/2016 17:18;3;What a great featured APS image! RT @EmphasisProject : Powdery #mildew of black gram http:// buff.ly/1Sb7Ch9 via @plantdisease #planthealth;#mildew #planthealth;7.19545E+17;y;Awareness
thefreshmancook;4/13/2016 16:29;0;Organic powdery mildew treatment see the recipe at http:// allaboutrosegardening.com http:// pinterest.com/pin/1906999840 1252811/ …;;7.20257E+17;y;Awareness
garden_answers;4/1/2016 0:27;0;New blog post from http:// GardenAnswers.com about Powdery Mildew On Squash - http://www. gardenanswers.com/vegetable-plan ts/powdery-mildew-on-squash/ … pic.twitter.com/dF6GrPEXSS;;7.15667E+17;y;Awareness
ELICITRACTU;3/22/2016 17:27;0;Systemic Resistance to Powdery Mildew in Brassica napus (AACC) and Raphanus alboglabra (RRCC) b... | @scoopit http:// sco.lt/80OfKb;;7.12315E+17;y;Awareness
bendijck;6/15/2016 3:21;0;Classic case of powdery mildew in cereal crop. Watch your fields #fieldscout #fungicide #spray2016 pic.twitter.com/8hWVVguqJz;#fieldscout #fungicide #spray2016;7.4289E+17;y;self
BBOGardening;6/23/2016 18:02;0;Fight Black Spot and Powdery Mildew with Baking Soda Spray http:// buff.ly/28M2Uqf;;7.46011E+17;y;Awareness
ewlarson546;5/27/2016 16:22;0;ROSE SPRAY-helps prevent diseases such as rust, blackspot, and powdery mildew . Mix together: •... http:// fb.me/27mn69FYR;;7.36201E+17;y;Awareness
viviannastevens;6/6/2016 7:17;0;Zucchini bread in the making- btw I see the powdery mildew spraying tomorrow http:// ift.tt/1t0mpzK #Gardening;#Gardening;7.39688E+17;y;Others
KeeleSLC;6/3/2016 11:33;0;A powdery mildew practical and citizen science opportunity from @SAPS_News http:// bit.ly/1t5Ln1j;;7.38665E+17;y;Others
Shawn_CFS;6/2/2016 16:39;1;Some powdery mildew and strip rust findings today pic.twitter.com/hn9v93Bu9g;;7.38379E+17;y;self
House_of_Cobraa;6/21/2016 12:11;0;Powdery Mildew Can Destroy Your Plants & Make You Sick - http:// houseofcobraa.com/2016/06/20/340 20/ … pic.twitter.com/ekudn1wDAD;;7.45198E+17;y;Awareness
UDExtension;3/25/2016 21:31;0;Powdery #Mildew in #wheat #crops #FarmDE #agchat https:// twitter.com/Delmarplantdoc /status/713368094916222977 …;#Mildew #wheat #crops #FarmDE #agchat;7.13463E+17;y;Awareness
MarshaCollier;6/10/2016 19:18;0;@gagasgarden Will go and check! Was just thinking of you! Cloudy mornings here, fighting powdery mildew . Ruined my grapes;;7.41319E+17;y;self
JimAnder1979;6/6/2016 13:44;1;#apple scab at highest risk. 48 hour kickback with Aprovia or Inspire Super. #scab & #powdery mildew @syngentacanada pic.twitter.com/67a64RGsER;#apple #scab #powdery;7.39785E+17;y;news
cobwebdr;6/14/2016 19:15;3;Early signs of Mahonia powdery mildew - another possibility for @GatsbyPlantSci #plant #pathology practical @BS_PP pic.twitter.com/snTTKHHNBE;#plant #pathology;7.42767E+17;y;news
seattleurbnfarm;6/29/2016 3:47;0;Powdery Mildew https://www. bloglovin.com/blog/post/1488 7743/4958927587 … on @bloglovin;;7.4797E+17;y;Awareness
wheat_papers;6/16/2016 13:08;0;Haynaldia villosa NAM-V1 is linked with the powdery mildew resistance gene Pm21 and… http:// dlvr.it/LZXGFm pic.twitter.com/0iMhOox8Wm;;7.434E+17;y;Research
BeautifulGard1;4/12/2016 1:51;0;Growing Zucchini . Remedy for powdery mildew - got it on ... - http:// beautifulgardening.xyz/growing-zucchi ni-remedy-for-powdery-mildew-got-it-on-my-squash-pumpkin-and-zucchini-plants-this-year-1t-baking-soda-12-t-liquid-soap-and-1-gal-water-spray-weekly-preferably-in-am-but-not-wh/ … #gardening #garden #gardens pic.twitter.com/PhaaDTlnjf;#gardening #garden #gardens;7.19674E+17;y;Awareness
jkellyca;3/7/2016 18:50;0;2/2 have this year. Likely means heavier sprays later to control powdery mildew on the grape crop. Increased chance of sulfides in wines.;;7.069E+17;y;Others
drtreefruit;5/17/2016 5:46;6;Apple powdery mildew liked our dry April--so much so it toasted this apple blossom #plantdisease pic.twitter.com/Z14z26ytzS;#plantdisease;7.32417E+17;y;self
KevaiF;6/5/2016 4:34;0;How To Control Powdery Mildew On Your Marijuana Plants http:// fb.me/1aOxv3xBp;;7.39284E+17;y;Awareness
LeanneFreitag;3/9/2016 20:28;2;Cargill Agronomist David Shortall @DavidS_Agri finding powdery mildew in wheat. #spring16 pic.twitter.com/CWdr22UjQX;#spring16;7.07649E+17;y;self
dromius;4/16/2016 13:04;1;Genome-Wide Study of Tomato SlMLO Family & Characteriz. in Response to Powdery Mildew Fungus Oidium neolycopersici http:// journal.frontiersin.org/article/10.338 9/fpls.2016.00380 …;;7.21293E+17;y;Research
garden_answers;3/17/2016 11:57;0;New blog post from http:// GardenAnswers.com about Powdery Mildew On Zucchini - http://www. gardenanswers.com/vegetable-plan ts/powdery-mildew-on-zucchini-9/ … pic.twitter.com/hdkFkSbCvZ;;7.1042E+17;y;Awareness
OkiefarmerBrent;3/24/2016 3:59;1;To correct the record if you didn't see replies from others. My wheat is suffering from Powdery Mildew in Ottawa Co, OK NOT stripe rust.;;7.12836E+17;y;Awareness
TheGrozine;3/4/2016 23:59;0;Dipping young plants is a good way to rid problems like early season powdery mildew from the… https://www. instagram.com/p/BCjHr4AA_gr/;;7.0589E+17;y;Awareness
CompBiolPapers;6/17/2016 12:10;0;Whole Genome Re-Sequencing and Characterization of Powdery Mildew Disease-Associated Allelic Variation in Melon. http:// dlvr.it/LZyXLp;;7.43748E+17;y;Research
orbsloveme11;6/11/2016 7:32;0;I liked a @YouTube video from @JorgeCervantes http:// youtu.be/S7jE7qzfgQs?a Jorge Cervantes: Washing Away Powdery Mildew;;7.41503E+17;y;Awareness
swasgarden;5/19/2016 23:46;0;TIL crape myrtle is susceptible to powdery mildew . This is from a neighbor’s yard. #losa … http:// ift.tt/1TJO26o pic.twitter.com/6ayHaNlzDj;#losa;7.33414E+17;y;self
theCCDM;4/1/2016 4:41;3;"It’s the combination of 2 mutations that results in powdery mildew resistance effects"" http:// news.curtin.edu.au/media-releases /wheat-powdery-mildew-mutations-found-in-eastern-states/ … pic.twitter.com/12KV5HKvej""";;7.15731E+17;y;Awareness
orbsloveme11;6/11/2016 7:32;0;I added a video to a @YouTube playlist http:// youtu.be/S7jE7qzfgQs?a Jorge Cervantes: Washing Away Powdery Mildew;;7.41503E+17;y;Awareness
johnandbobs;3/7/2016 17:44;0;Have questions about the powdery mildew or rust on your plants? Get the answers! http:// bit.ly/1QBTkDj pic.twitter.com/eGJ5WJCfSl;;7.06883E+17;y;Awareness
just_michaelaa;4/10/2016 12:39;0;@TheatreDust @IamjustWendy geraniums don't need to be washed. It gives them powdery mildew . Find another excuse.;;7.19113E+17;y;Others
MandyCanUDigIt;5/21/2016 21:23;0;Powdery mildew on Euphorbia polychroma purpurea: vulnerable in dry weather. #gardening http:// bit.ly/1PxLBGO pic.twitter.com/wcz1pYOy1W;#gardening;7.34102E+17;y;Awareness
TechWoww12;6/21/2016 9:43;0;ROSE SPRAY-helps prevent diseases such as rust, blackspot, and powdery mildew . ... - http://www. techwow.xyz/rose-spray-hel ps-prevent-diseases-such-as-rust-blackspot-and-powdery-mildew-mix-together-%e2%80%a21-tablespoon-baking-soda-%e2%80%a21-teaspoon-mild-dishwashing-detergent-%e2%80%a21-tablespoon-vege/ … #tech pic.twitter.com/ns8N4wa1pc;#tech;7.4516E+17;y;Awareness
ebhiggins1;4/11/2016 1:18;0;Try treating powdery mildew by Mixing equal part milk and water in a spray bottle and spraying once a week until the disease is gone.;;7.19303E+17;y;Awareness
ewlarson546;5/31/2016 16:15;0;Aspirin is the remedy for fungal plant problems, Black spot, powdery mildew , and rust are a terrible... http:// fb.me/7VlOwYMWY;;7.37649E+17;y;Awareness
teemehkin;5/26/2016 15:01;0;"It's all about that luxuriant development"" of powdery mildew for Yarwood. #powderymildew #plantpath""";#powderymildew #plantpath;7.35818E+17;y;Others
Aspectek;3/15/2016 18:07;0;Notice a powdery #mildew on your fruit #trees ? We have the fix #TipTuesday #gardening #horticulture pic.twitter.com/7VWxWC0eeW;#mildew #trees #TipTuesday #gardening #horticulture;7.09788E+17;y;Awareness
jgallagher5645;5/16/2016 23:36;0;Should have written this research paper on powdery mildew #WayMoreKnowledge;#WayMoreKnowledge;7.32324E+17;y;Others
AiroClean420;6/9/2016 21:37;0;Powdery mildew actually refers to several strains of fungi that cause a characteristic white, powdery mold to form. http:// buff.ly/22JD5bh;;7.40991E+17;y;Awareness
lucybrooke5;4/17/2016 14:04;0;@bengoldacre Ivy. Honeysuckle. No roses tho as I think they'd end up with powdery mildew ...;;7.21671E+17;y;Others
rainbowgsatx;5/26/2016 19:00;0;Seeing a fuzzy substance on your plants lately might have you thinking you've got powdery mildew , but take a... http:// fb.me/7Vs2C7Ngu;;7.35878E+17;y;Awareness
whatDNAtest;6/15/2016 0:20;0;Haynaldia villosa NAM-V1 is linked with the powdery mildew resistance gene Pm21 and contributes... http:// bit.ly/1ZPdlZs BMC #Genetics;#Genetics;7.42844E+17;y;Research
Vinsdeparisien;5/7/2016 5:45;0;OidiumCommon fungal disease also known as powdery mildew which attacks vine leaves, shoots and tendrils. After flowering the berries...;;7.28793E+17;y;Awareness
BoisvertLyse;6/2/2016 1:23;2;#Winterwheat in Carrot River SK. Dense canopy, cool night= powdery mildew . Flag leaf emerging-fungicide in 3-5 days pic.twitter.com/RzMqyEvI7j;#Winterwheat;7.38149E+17;y;self
vexedmuddler;4/4/2016 21:54;0;Further attempts to #keepVexedBusyWithoutLaptop included autoclaving All The Things, bleaching a growth chamber infested with powdery mildew;#keepVexedBusyWithoutLaptop;7.17078E+17;n;
ISMPMI;6/21/2016 18:30;0;You're Invited to the International Powdery Mildew Symposium http:// rlm.ag/1LUbmV;;7.45293E+17;y;Ad
GrowMap;5/5/2016 19:35;0;Growing melons on a nylon trellis and White Powdery Mildew http:// vid.staged.com/cj1s #localads #local #humor pic.twitter.com/6Iwjj9glSV;#localads #local #humor;7.28277E+17;y;Awareness
BopalotBarnes;4/2/2016 12:21;0;@MildewStop @YouTube I had powdery mildew on my plants last year. I heard u can treat it with milk.;;7.16209E+17;y;Others
BiolaRaisin;4/29/2016 19:35;0;Applying fungicide & sulfur to stop fungal spores which travel by air & cause powdery mildew damage in the vineyard. pic.twitter.com/LnvNRvOsPE;;7.26103E+17;y;Others
BeginnerHerbs;6/11/2016 15:11;0;Hot & Humid in your garden? You might see powdery mildew ! You can see it on this bee balm Monarda). http:// fb.me/16hjOHMyp;;7.41619E+17;y;Awareness
reumanconsult;5/13/2016 2:05;3;Busy night tonight scouting wheat. Found some powdery mildew along with some other tan spot and others #wheat16 pic.twitter.com/c66DAaoEKE;#wheat16;7.30912E+17;y;self
OkieMGs;6/14/2016 18:07;0;Powdery mildew appearing on your crape myrtle? Prevent it by planting resistant varieties, leaving space for air flow, don't over fertilize.;;7.4275E+17;y;Awareness
wheat_papers;4/14/2016 15:39;0;A disulphide isomerase gene (PDI-V) from Haynaldia villosa contributes to powdery mildew resistance in common wheat. http:// dlvr.it/L3S1G5;;7.20607E+17;y;Research
NaturesTurf;6/15/2016 20:36;0;Powdery Mildew is common on Crape Myrtle Trees and we fight this fungus within our shrub care program. pic.twitter.com/J1XgI8JbgM;;7.4315E+17;y;Awareness
rnomics;5/28/2016 17:11;0;Transcriptomic analysis reveals distinct resistant response by physcion and chrysophanol against cucumber powdery mildew . - PubMed - NCBI …;;7.36576E+17;y;Research
UTPlantDoc;3/25/2016 0:33;6;Powdery mildew of winter annual weeds (Lamium spp.) elicits little sympathy, maybe a few cheers. pic.twitter.com/TW7Oz0kjOQ;;7.13147E+17;y;self
Vinsdeparisien;3/11/2016 3:16;0;OidiumCommon fungal disease also known as powdery mildew which attacks vine leaves, shoots and tendrils. After flowering the berries...;;7.08114E+17;y;Awareness
alpinewines;5/28/2016 11:12;0;If you want to fine less yet avoid cloudy wine, boo hiss mildew! prevent/fight powdery mildew #ICCWS2016 but need not worry about uv damage;#ICCWS2016;7.36485E+17;y;Awareness
HarvestToTable;5/18/2016 18:56;0;Powdery Mildew Defense: http:// wp.me/p3Wfr0-5Lp;;7.32978E+17;y;Awareness
MyGardenTeam;6/19/2016 15:38;0;Powdery Mildew . http://www. gardenadvice.co.uk/advisor/garden ing-tips/powdery-mildew/ …;;7.44525E+17;y;Awareness
GardeningChoice;4/21/2016 2:08;0;Growing Zucchini . Remedy for powdery mildew - got it on ... - http:// gardeningchoice.xyz/growing-zucchi ni-remedy-for-powdery-mildew-got-it-on-my-squash-pumpkin-and-zucchini-plants-this-year-1t-baking-soda-12-t-liquid-soap-and-1-gal-water-spray-weekly-preferably-in-am-but-not-wh/ … #garden #gardening #flowers pic.twitter.com/EmXvZavCzP;#garden #gardening #flowers;7.2294E+17;y;Awareness
mary_swilling;4/16/2016 16:50;0;UV LIGHT EFFECTIVE AGAINST POWDERY MILDEW https://www. postwaves.com/posts/55983177 26 … via @post_waves;;7.2135E+17;y;Awareness
wheatgen_papers;6/22/2016 12:43;0;Powdery mildew resistance in wheat cultivar Mv Hombár is conferred by a new gene PmHo. http:// dlvr.it/Ld0Jxd pic.twitter.com/n5OypsoIUw;;7.45568E+17;y;Research
PetrusGladioli;5/19/2016 9:55;0;Powdery Mildew Decreases the Radial Growth of Oak Trees with Cumulative and Delayed Effects over Years | @scoopit http:// sco.lt/8yfN8T;;7.33204E+17;y;Awareness
blanca_mar2004;5/17/2016 2:10;0;Aspirin is the remedy for fungal plant problems, Black spot, powdery mildew , and rust are a terrible http:// pinterest.com/pin/3436106465 51892159/ …;;7.32363E+17;y;Awareness
pascal_frey;5/25/2016 9:21;7;Powdery mildew (Erysiphe alphitoides) decreases the radial growth of Oak trees http:// journals.plos.org/plosone/articl e?id=10.1371%2Fjournal.pone.0155344 … pic.twitter.com/0tWlJFqU9B;;7.3537E+17;y;Research
PotFrans;6/24/2016 17:58;0;@BASFAgSolutions @BASFDorothee does twinline do anything on powdery mildew ?;;7.46372E+17;y;Others
Susang6;6/12/2016 12:07;0;2 Organic fungicides that kill Powdery Mildew , I use them in my garden, they work http:// brev.is/8DzC;;7.41935E+17;y;Awareness
CameronHild;6/4/2016 19:39;0;Powdery Mildew in #winterwheat starting bottom stem & leaves. Wet. Any concern? @field2fieldag @pjderoc @AgriTrend pic.twitter.com/KwqprPcub8;#winterwheat;7.3915E+17;y;self
garden_answers;4/9/2016 2:58;0;New blog post from http:// GardenAnswers.com about Powdery Mildew - http://www. gardenanswers.com/plant-diseases /powdery-mildew-6/ … pic.twitter.com/oPRbJBDSNC;;7.18604E+17;y;Awareness
iamsimooone;3/7/2016 18:13;0;"@yougrowgirl Hi Gayla, reading your book Grow Great Grub"", love it! Just wondering the measurements for your powdery mildew brew, thanks!!""";;7.06891E+17;y;Others
SchmoopyWoopy;4/7/2016 18:58;0;Making a screaming run down to the garden shop...the damn roses I just got have powdery mildew !!! (that's a very bad thing for roses);;7.18121E+17;y;Others
syngentacanada;6/25/2016 20:25;1;Protect your cereal crops against rusts, tan spot, powdery mildew and septoria. #Quilt #FungicideFYIhttp://ow.ly/VWG9301laPR;#Quilt #FungicideFYIhttp;7.46771E+17;y;Awareness
Sheffieldsseed;5/20/2016 2:35;0;Aspirin is the remedy for fungal plant problems, Black spot, powdery mildew , and rust are a terrible http:// pinterest.com/pin/1142085405 29006855/ …;;7.33456E+17;y;Awareness
eupathdb;4/4/2016 17:17;4;Mathias Nottensteiner talking about ROPIP1 of the barley powdery mildew fungus #ECFG13;#ECFG13;7.17008E+17;y;Others
gardenmentor;6/27/2016 19:49;0;Powdery mildew or not? How to avoid it & what to do if your garden gets it:... http:// fb.me/8gnvJJUTc;;7.47487E+17;y;Awareness
thymesquad;6/19/2016 13:21;0;Tropical Gardening Helpline: Powdery mildew is unattractive, but not usually fatal http:// bit.ly/1UHQz1n #gardening;#gardening;7.4449E+17;y;Awareness
HapSmallholder;6/1/2016 16:13;0;https://www. facebook.com/GrowVeg/posts/ 10154084794086970 … interesting article advocating spraying milk and water mix to prevent powdery mildew .;;7.38011E+17;y;Awareness
CappersFarmer;4/17/2016 21:01;0;Volcano phlox are fabulous, fragrant and resistant to powdery mildew , with bright blossoms. http:// bit.ly/1VqrqgQ http:// ow.ly/i/iww2j;;7.21776E+17;y;Awareness
usagardencare;6/28/2016 14:59;0;Green Clean Cleaner Spider Mite & Powdery Mildew Destroyer http:// landmatus.com/shop/patio-law n-and-garden/green-clean-cleaner-spider-mite-powdery-mildew-destroyer/?utm_source=ReviveOldPost&utm_medium=social&utm_campaign=ReviveOldPost … #patiolawnandgarden;#patiolawnandgarden;7.47776E+17;y;Awareness
michaelkaer;6/15/2016 15:05;0;6 Ways to Cure Powdery Mildew on Cannabis Organically - Mold Resistant Strains http:// fb.me/2NNOQ9hyl;;7.43067E+17;y;Awareness
ConservationTV;3/9/2016 9:03;0;Powdery mildew relief found in your kitchen pantry! http:// zkq.me/Sa4SC;;7.07477E+17;y;Awareness
ChadwithBecks;5/4/2016 20:22;1;Powdery mildew set in pretty quick this last week on #wheat in Douglas Co, IL. pic.twitter.com/imune32qL5;#wheat;7.27926E+17;y;self
LostSocietyRap;4/11/2016 15:03;0;I liked a @YouTube video http:// youtu.be/RATOQznZkUQ?a C4:E1 - When Powdery Mildew Attacks! (3k Flower Room v2016);;7.19511E+17;y;Awareness
hiasilrdne;3/7/2016 21:21;0;#EurekaMag Effects of controlled epidemics of powdery mildew on grain yield of spring barley http:// dlvr.it/KjlZ7p;#EurekaMag;7.06938E+17;y;Research
5SCarrboro;5/17/2016 15:52;0;April showers bring powdery mildew ? Unfortunately, yes. With all of the rain we've been having, we're going to... http:// fb.me/7T7eHbkLL;;7.32569E+17;y;self
EurekaMag;3/6/2016 23:05;8;#EurekaMag Effects of soil water level on the development of adult plant resistance to powdery mildew in barley http:// dlvr.it/KjGzXC;#EurekaMag;7.06602E+17;y;Research
seanfernridge;4/5/2016 22:14;0;The beautiful flowers of Major Wheeler Honeysuckle - a great #nativar , resistant to powdery mildew , http:// pinterest.com/pin/4321345267 26584897/ …;#nativar;7.17445E+17;y;Awareness
GreenFlyFlowers;4/30/2016 17:15;0;@DrHikov @FungusProf Powdery Mildew is Evil!;;7.2643E+17;y;Others
SJVGrapes;3/2/2016 20:07;4;@LJtheGrape speaking on #grapevine powdery mildew management. RU prepared 4 mildew season? http://www. ipm.ucdavis.edu/PMG/r302100311 .html … pic.twitter.com/IehkWGY2hF;#grapevine;7.05107E+17;y;Awareness
RuralRadioNet;5/4/2016 23:17;0;Yellow 8: Grant Co #OK slight freeze damage, powdery mildew , barley yellow dwarf. Been sprayed est 47.3 #wheattour16 pic.twitter.com/OKYeCcnLGe;#OK #wheattour16;7.27971E+17;y;self
Susang6;4/18/2016 8:22;0;Powdery Mildew Treatment - Fungicide https:// shar.es/1jy71D via @sharethis;;7.21947E+17;y;Awareness
JohnGlenStevens;4/20/2016 19:30;0;Water your garden in the early morning to conserve moisture loss and to help avoid powdery mildew and other fungal diseases. #gardening;#gardening;7.2284E+17;y;Awareness
kristendiangelo;5/26/2016 16:14;3;And, my apricot tree has spots...:( Maybe powdery mildew ??? Don't know for sure. Anyone??? pic.twitter.com/Z01tSAjTod;;7.35837E+17;y;Others
USWC_Radio;6/13/2016 9:52;1;Grow Room Infected With Powdery Mildew :/ Help!: Hey everyone, I have a growing with up to 400-500 cuts somet... http:// bit.ly/25WDZDf;;7.42263E+17;n;
AdvancedTurf;6/2/2016 12:00;0;Answer to the ornamental #DiseaseID : Powdery Mildew . Did you know it? Treat it with the products below. pic.twitter.com/d2ymwn0e9V;#DiseaseID;7.38309E+17;y;Awareness
SDSUPlantPath;5/13/2016 19:04;6;Stripe #rust and powdery mildew increasing in winter #wheat in SD. Plan a #fungicide at flag leaf to manage these. pic.twitter.com/tLN2mtgiui;#rust #wheat #fungicide;7.31168E+17;y;news
garden_answers;4/10/2016 23:17;0;New blog post from http:// GardenAnswers.com about Powdery Mildew On Roses - http://www. gardenanswers.com/plant-diseases /powdery-mildew-on-roses-2/ … pic.twitter.com/kaFunAJEtS;;7.19273E+17;y;Awareness
AusCropDiseases;4/15/2016 3:38;2;WA: Presence of fungicide resistance means growers need to be aware of integrated mgt strategies for powdery mildew . https:// twitter.com/theGRDC/status /720535062593208320 …;;7.20788E+17;y;Awareness
dianalward;5/19/2016 0:27;0;Tired of battling diseases like powdery mildew or fusarium wilt in the vegetable garden? There are s http:// pinterest.com/pin/3208821607 4579542/ …;;7.33061E+17;y;Awareness
GardenLifeToday;3/31/2016 10:31;0;Treating peony powdery mildew - mix 1 TB each baking soad, ... - #garden #gardens #gardening http:// gardenlife.xyz/treating-peony -powdery-mildew-mix-1-tb-each-baking-soad-canola-oil-and-dish-soap-with-1-gal-water-spring-on-every-10-14-days/ … pic.twitter.com/rVxf43LLFV;#garden #gardens #gardening;7.15457E+17;y;Awareness
JoannaMWallace;5/5/2016 20:54;7;Powdery mildew in the thicker wheat too. Time for a fungicide. Will help with stem strength too! #ontag pic.twitter.com/I2ndQylm8C;#ontag;7.28297E+17;y;self
MatthewMoscou;6/28/2016 17:44;0;#IBGS2016 Schweizer: Propose that recessive resistance genes to powdery mildew mean that additional targets may exist.;#IBGS2016;7.47818E+17;y;Research
Susang6;5/30/2016 20:33;0;You can put a stop to powdery mildew with these garden tips http:// brev.is/C7zC;;7.37351E+17;y;Awareness
hintomiv;3/19/2016 13:37;0;Garden Checklist: Spring has flowers – and powdery mildew;;7.1117E+17;y;self
Agri_Kate;6/23/2016 22:08;1;Seeing lots of powdery mildew in #wheat today. A good reflection of our current field cond. #scout16 #fromthefield pic.twitter.com/E9Z0WLV1gc;#wheat #scout16 #fromthefield;7.46072E+17;y;self
nicolerobin30;3/31/2016 21:33;0;Our plants are loving the 86 spider mites and powdery mildew spray #norcalplantnutrients #allnatural pic.twitter.com/qyLDkwU1n7;#norcalplantnutrients #allnatural;7.15623E+17;y;self
_introgression;4/30/2016 12:29;1;Genetic analysis of a novel broad-spectrum powdery mildew resistance gene from the wheat-Agropyron cristatum… http:// dlvr.it/LBZKLR;;7.26358E+17;y;Research
GrwFoodNotLawns;4/12/2016 21:08;0;If you just can't seem to win against pests, or diseases such as powdery mildew , this will be a breath of fresh air: http:// fb.me/2ArLkrptU;;7.19966E+17;y;Awareness
Jfriedstrom1;5/3/2016 23:18;0;Looks like you got a powdery mildew issue brotha...;;7.27608E+17;y;self
EurekaMag;4/2/2016 16:13;0;#EurekaMag Light and scanning microscopy of sugar beet powdery mildew http:// dlvr.it/Ky3r6s;#EurekaMag;7.16267E+17;y;Research
Susang6;5/28/2016 12:06;0;2 Organic fungicides that kill Powdery Mildew , I use them in my garden, they work http:// brev.is/8DzC;;7.36499E+17;y;Awareness
6eustacia;6/3/2016 21:39;0;Powdery Mildew On The Hundreds Of Zinnias I Grow! Problem Solved With @BayerAdvanced Insect, Disease & Mite Control! pic.twitter.com/wGsTLW600m;;7.38817E+17;y;self
MoreFunz;5/16/2016 16:23;0;http:// ohioline.osu.edu/ac-fact/0010.h tml … - Powdery Mildew of Wheat. The #morefunz page https:// morefunz.com/science/agricu lture/field-crops/powdery-mildew-of-wheat …;#morefunz;7.32215E+17;n;
ZhuangGeorge;6/15/2016 17:04;0;@nuts4ag @SJVGrapes some studies show it can be used for reduce heat and water stress on grapes. Not sure on powdery mildew .;;7.43097E+17;y;Others
kommerell;4/4/2016 10:15;0;Powdery Mildew Resistant Wheat Cultivar Introduced by Calyxt, Inc. - Small Grains | @scoopit http:// sco.lt/6jq91F;;7.16902E+17;y;Awareness
APS_CLARE;3/22/2016 16:25;0;Review of powdery mildew disease of rubber tree http:// onlinelibrary.wiley.com/resolve/doi?DO I=10.1111/efp.12271 …;;7.12299E+17;y;Research
commodityindia;3/22/2016 14:17;0;Powdery mildew resistant wheat cultivar developed - 03/22/2016 http://www. commodityIndia.com;;7.12267E+17;y;Awareness
GRDCNorth;6/22/2016 4:50;1;Sue Thompson @USQNews at #Chinchilla #GRDCUpdates on fungicide management of powdery mildew in #mungbeans . http:// bit.ly/1t2DlGm @theGRDC;#Chinchilla #GRDCUpdates #mungbeans;7.45449E+17;y;Awareness
sabrosiavit;6/24/2016 0:14;0;Trevor Lupton makes the point that a wetter with S can reduce Powdery Mildew on fruit, but the real story is coverage, coverage, coverage!;;7.46104E+17;y;Others
APS_CLARE;4/2/2016 22:29;0;Distribution and characterization of powdery mildew virulent on hop cultivars possessing R6-based resistance http:// apsjournals.apsnet.org/doi/abs/10.109 4/PDIS-12-15-1449-RE …;;7.16362E+17;y;Research
garden_answers;4/4/2016 8:57;0;New blog post from http:// GardenAnswers.com about Powdery Mildew On Zucchini - http://www. gardenanswers.com/plant-diseases /powdery-mildew-on-zucchini-8/ … pic.twitter.com/he3AGfLlXA;;7.16882E+17;y;Awareness
ramana_brf;3/24/2016 0:28;0;Why you bring caste into powdery.mildew ! A parasite does not work. More like Rahul baba. https:// twitter.com/brumbyOz/statu s/712779735982432257 …;;7.12783E+17;n;
TheorApplGenet;6/20/2016 4:50;1;Identification and genetic mapping of PmAF7DS: powdery mildew resistance gene in bread wheat http:// goo.gl/K2et62 pic.twitter.com/62SBoro2uT;;7.44724E+17;y;Research
CannabisIndy;6/26/2016 22:45;0;"For the people who believe the plant in my other photo is covered in  powdery mildew "" No. It's not. Repeat post, r… http:// ift.tt/28WSLSs""";;7.47169E+17;y;Others
CannabisIndy;6/12/2016 14:53;0;Organic ways to fight powdery mildew (PM) - http:// ift.tt/1U7Ih8D;;7.41977E+17;y;Awareness
CertisUK;6/2/2016 18:55;0;Powdery mildew is starting to appear. To achieve control, alternate between chemicals of different modes of action pic.twitter.com/HY0MfLbsfR;;7.38414E+17;y;Awareness
treevangelist;5/21/2016 4:34;0;@ylwrseoftx looks like powdery mildew (the white stuff on leaves) http:// aggie-horticulture.tamu.edu/newsletters/ho rtupdate/hortupdate_archives/2004/may04/PowderyMildewE.html … what does underside of leaves look like?;;7.33849E+17;y;self
TinSheets;5/17/2016 4:09;0;@RedFoxCellars the bright side is Powdery Mildew spraying time! Oh wait.... #winemaker problems;#winemaker;7.32393E+17;y;self
sshahn1;3/19/2016 2:37;0;It's been a bugger of a year for #powdery #mildew @Tracy_Vo @720perth;#powdery #mildew;7.11004E+17;y;self
MildewStop;3/30/2016 15:18;1;@BopalotBarnes @YouTube Maybe you like this vid as well? Controlling Powdery Mildew with UV-Light! https://www. youtube.com/watch?v=fVrByO Dxi-8 …;;7.15166E+17;y;Awareness
GRDCNorth;3/2/2016 1:15;2;Greg Platz @QldAgriculture Barley disease update: pathotype survey - powdery mildew & NFNB http:// bit.ly/1L3WCiz #GRDCUpdates #Goondiwindi;#GRDCUpdates #Goondiwindi;7.04822E+17;y;Awareness
jpatticake;6/15/2016 22:16;0;@JennitheOdd :( Is it powdery mildew ? I'm growing seminole squash from the Everglades that's immune to mildew bc I can't deal anymore.;;7.43175E+17;y;self
HarvestToTable;5/18/2016 18:56;1;Powdery Mildew Defense http://www. harvesttotable.com/2016/05/powder y-mildew-defense/ … pic.twitter.com/UfzVNcJ4uZ;;7.32978E+17;y;Awareness
smcneil8;5/19/2016 15:09;1;Some powdery mildew found this morning scouting wheat #aggiesonthejob #ontag pic.twitter.com/ji9AEqc1ZB;#aggiesonthejob #ontag;7.33284E+17;y;self
BrysonHaverkamp;3/24/2016 4:04;2;Powdery mildew in NE OK. Found it in fields in SC KS as well earlier this week. https:// twitter.com/okiefarmerbren t/status/712769881179959296 …;;7.12837E+17;y;self
DotySupply;4/13/2016 20:16;0;In the garden: Keep an eye out for whiteflies, spider mites and powdery mildew in and on your plants. Prompt... http:// fb.me/2bwBmiDhM;;7.20315E+17;y;Awareness
FriendsNFCG;5/27/2016 18:51;0;6 steps to get rid of Powdery Mildew on Plants 1. Mix one tablespoon baking soda with one gallon of near-room... http:// fb.me/5Qp839OWU;;7.36238E+17;y;Awareness
hacommoditynews;3/21/2016 22:54;0;Powdery mildew resistant wheat cultivar developed http:// grainmarketnews.com/12763/powdery- mildew-resistant-wheat-cultivar-developed.html … pic.twitter.com/Cj0IjXco4b;;7.12035E+17;y;Awareness
MahmutTor;3/4/2016 14:35;0;ADFs function as Susceptibility genes in Arabidopsis to an Adapted Powdery Mildew Fungus http://www. plantphysiol.org/content/170/3/ 1420.full …;;7.05749E+17;y;Research
Bayer4CropsUS;3/16/2016 21:30;4;Powdery mildew can cause serious danger to #wheat yield. Consider these Crop Science solutions for your program: http:// bit.ly/1MbRC6x;#wheat;7.10201E+17;y;Awareness
LorenWernette;4/19/2016 17:49;0;Powdery mildew found on winter wheat in central Michigan. #Priaxor #basf pic.twitter.com/TWiVqrTS44;#Priaxor #basf;7.22452E+17;y;news
EurekaMag;4/13/2016 0:28;0;#EurekaMag The effect of fungal density on fungicide dose-response curves in barley powdery mildew (Erysiphe… http:// dlvr.it/L2gPSt;#EurekaMag;7.20016E+17;y;Research
Scien_net;6/21/2016 12:42;0;#Scien Spring barley variety mixtures as a means of powdery mildew control http:// ift.tt/28KevjR;#Scien;7.45205E+17;y;Awareness
EurekaMag;3/8/2016 22:34;8;#EurekaMag Effect of powdery mildew infection of sugar beet on the content of electron carriers in chloroplasts http:// dlvr.it/KkJJhG;#EurekaMag;7.07319E+17;y;Research
Sheffieldsseed;3/13/2016 23:15;0;Powdery Mildew Fungus On Trees – How To Treat Powdery Mildew On Trees https:// shar.es/1Ym1cT via @gardenknowhow;;7.09141E+17;y;Awareness
PeterRoberts_WA;4/20/2016 6:50;1;New video on wheat powdery mildew 's emergence in Mingenew over the past 3 years & the research focus from @CCDMnews http:// bit.ly/1Q8fW9O;;7.22648E+17;y;Awareness
ChrisWolfeNH;6/22/2016 6:12;0;Powdery mildew is unattractive, but not usually fatal http:// bit.ly/28JMVqi;;7.45469E+17;y;Awareness
UTPlantDoc;3/17/2016 21:21;1;"@HawkinsPartners Powdery mildew is an issue on Princeton elm; suspect elm phloem necrosis was found in a nursery in recent years.";;7.10562E+17;y;self
GreenThumbGirls;6/5/2016 21:14;3;@Witches_4_Weed True. Low temps & high humidity can lead to powdery mildew on plants outside. My lilac always gets hit. Usually in Fall.;;7.39536E+17;y;self
GARNetweets;4/5/2016 17:16;0;#sls16 Mary Wildermuth http:// nature.berkeley.edu/wildermuthlab/ Wildermuth_Lab_website/Introduction.html … on the intimate interaction between powdery mildew and plants… not as nice as it sounds!;#sls16;7.1737E+17;y;Research
cooking_news;6/26/2016 12:30;0;Gary Church: Homemade recipes that will prevent powdery mildew http:// ow.ly/SCOh501MedO;;7.47014E+17;y;Awareness
wheat_papers;5/14/2016 18:16;0;Molecular cloning, functional verification, and evolution of TmPm3, the powdery mildew … http:// dlvr.it/LJkTfz pic.twitter.com/bCjCPGZ7hz;;7.31518E+17;y;Research
MarissaHeisel;5/25/2016 17:02;0;Powdery Mildew can be a BIG problem for gardeners, so I'm giving away a great way to fight back naturally! WIN HERE: http:// ow.ly/PuuC300u7wd;;7.35486E+17;y;Awareness
wheat_papers;5/19/2016 10:28;1;Mapping of Powdery Mildew Resistance Gene pmCH89 in a Putative Wheat-Thinopyrum intermedium Introgression Line. http:// dlvr.it/LLgJq4;;7.33213E+17;y;Research
DesignGreen_ind;5/7/2016 4:35;0;Control powdery mildew infection on plants with diluted milk spray. http:// ow.ly/3xMt6Q pic.twitter.com/Spr7e7wLcr;;7.28775E+17;y;Awareness
theGRDC;6/8/2016 4:02;1;Key points on foliar #fungicide strategies for managing #wheat powdery mildew http:// bit.ly/1XzOpre @AusCropDiseases @GRDCUpdateWest;#fungicide #wheat;7.40363E+17;y;Awareness
powderymildews;3/3/2016 21:31;1;"IS-MPMI Powdery Mildew 1-day mtg (Sat. July 16, 2016; Double Tree Hotel, Portland OR). More information to follow.";;7.05491E+17;y;Ad
BornToOrganize;5/5/2016 20:14;0;Great, organic tips: #gardening Controlling or Eliminating Powdery Mildew - http:// go.shr.lc/1HTEbcw via @shareaholic;#gardening;7.28287E+17;y;Awareness
arijameiers;6/15/2016 19:59;0;ASPIRIN is the remedy for fungal plant problems, Black spot, powdery mildew , and rust are a terrible http:// pinterest.com/pin/5573205226 19995904/ …;;7.43141E+17;y;Awareness
EricaHol;6/20/2016 23:46;1;Starting to find powdery mildew in some cereal fields. Every field is different. #AbAg pic.twitter.com/Bq7NEotfh5;#AbAg;7.4501E+17;y;self
cluebot;5/17/2016 6:25;0;Fungi confirmed not fun guys. Found powdery mildew on my sage plant. D:;;7.32427E+17;y;self
AiroClean420;5/12/2016 20:50;0;Learn how to get rid of powdery mildew in 5 steps to keep your growing environment fungus-free. http:// buff.ly/1T7nAG9;;7.30832E+17;y;Awareness
FVCoop;4/11/2016 19:06;1;Soil Temp. 49° Wheat is at the joint stage. We are seeing tan spot, powdery mildew and stripe rust #FVCoop;#FVCoop;7.19572E+17;y;self
gaia_surf;5/8/2016 4:43;0;@juliawb Not downy mildew or powdery mildew ?;;7.2914E+17;y;Others
ewlarson546;5/31/2016 16:14;0;Aspirin is the remedy for fungal plant problems, Black spot, powdery mildew , and rust are a terrible http:// pinterest.com/pin/3460031838 53631972/ …;;7.37648E+17;y;Awareness
karenschlegel;6/5/2016 23:51;0;@newstigger I had powdery mildew on my courgettes last year... This year will only be watering the soil in the hope it doesn't happen again!;;7.39575E+17;y;Others
JOURNALIJAR;5/24/2016 9:36;0;Field screening of linseed genotypes for resistance to powdery mildew (Oidium lini Skoric) in the north central plateau zone of Odisha. -;;7.35012E+17;y;Research
wheat_papers;3/5/2016 23:25;1;Identification and genetic mapping of PmAF7DS a powdery mildew resistance gene in bread… http:// dlvr.it/Khs1dR pic.twitter.com/33dC4UT0k7;;7.06244E+17;y;Research
pjderoc;6/4/2016 19:58;0;@CameronHild @field2fieldag @AgriTrend Powdery mildew loves wet, humid conditions. Stage of crop? Are u planning a T2 or T3 fungicide app?;;7.39154E+17;y;Others
estebanics;6/11/2016 0:36;0;powdery mildew , the black plague of cannabis;;7.41399E+17;y;Others
Nicole_WardUK;5/9/2016 12:00;0;Our hemp experiment continues. Young hemp plants are being inoculated with powdery mildew . #plantdisease #UKAg ... http:// fb.me/5ZeU0tfxG;#plantdisease #UKAg;7.29612E+17;y;Awareness
GARNetweets;4/5/2016 17:30;0;#SLS16 MW linking the ploidy of host cells and infection of powdery mildew http:// apsjournals.apsnet.org/doi/abs/10.109 4/MPMI-10-12-0254-R …;#SLS16;7.17374E+17;y;Research
Susang6;4/28/2016 12:07;0;2 Organic fungicides that kill Powdery Mildew , I use them in my garden, they work http:// brev.is/8DzC;;7.25627E+17;y;Awareness
Susang6;4/20/2016 20:32;0;You can put a stop to powdery mildew with these garden tips http:// brev.is/C7zC;;7.22856E+17;y;Awareness
HowBoutDemApplz;6/22/2016 0:39;0;"Wikipedia confirms that #JonagoldApples are a clonally-propoagated cultivar"" with a ""high susceptibility to powdery mildew ."" BURNED!!""";#JonagoldApples;7.45386E+17;y;Awareness
HectorCannabis;5/21/2016 16:12;0;The Pesticide Dilemma: And those daily battles with spider mites, powdery mildew and other plant-threatening ... http:// bit.ly/1YLDoA6;;7.34024E+17;y;Awareness
custom_ms;6/28/2016 14:49;0;Evolution of the EKA family of powdery mildew avirulence-effector genes from the ORF 1 of a LINE retrotransposon. http:// dlvr.it/LgV5Dq;;7.47774E+17;y;Research
plant_biology;6/16/2016 15:04;0;The Novel Gene VpPR4-1 from Vitis pseudoreticulata Increases Powdery Mildew Resistance in Transgenic Vitis vinifera… http:// dlvr.it/LZZSYs;;7.43429E+17;y;Research
epicgardening;6/15/2016 18:19;0;did you know milk cures powdery mildew ? more here: http:// bit.ly/21li1Xh;;7.43116E+17;y;Awareness
drtreefruit;5/19/2016 19:03;0;@bphillips4149 Could very well have happened--the variety shown is GoldRush, which is magnet for powdery mildew;;7.33342E+17;y;Others
TherapyGene;5/18/2016 19:30;0;MdMLO19 Gene Knockdown in Apple Reduces Susceptibility to Powdery Mildew http:// ow.ly/zAev500q6of;;7.32987E+17;y;Research
theGRDC;4/15/2016 4:53;4;WA grower Alex Pearse on wheat powdery mildew 'going against the rule book in 2014 and 2015.' http:// bit.ly/1Q8fW9O;;7.20807E+17;y;Awareness
PlantEcologyBot;4/4/2016 19:18;0;Powdery mildew suppresses herbivore-induced plant volatiles and interferes with parasitoid attraction in... http:// bit.ly/1ovxI0g (PCE);;7.17039E+17;y;Research
hacommoditynews;3/22/2016 0:05;0;Powdery mildew resistant wheat cultivar developed - Grains market news http:// fb.me/4CwokMt1W;;7.12052E+17;y;Awareness
KansasLawns;4/18/2016 3:57;0;@ksugardenguy I have never seen so much powdery mildew fungus in JoCo.;;7.2188E+17;y;self
OrchidsToday;5/1/2016 6:13;0;Garden Control: Hairy Vetch, Powdery Mildew - Late Bloomer - Episode 87 - http:// orchidstoday.xyz/garden-control -hairy-vetch-powdery-mildew-late-bloomer-episode-87/ … #garden #flowers pic.twitter.com/fZnNCTqhD6;#garden #flowers;7.26626E+17;y;Awareness
gardeningtrials;4/22/2016 16:11;0;"Treating Powdery Mildew without chemicals"" http:// buff.ly/26ivsf9""";;7.23515E+17;y;Awareness
CannabisIndy;4/6/2016 18:26;0;The battle against powdery mildew . The victor = GreenCure - http:// ift.tt/1MSvqE0;;7.1775E+17;y;Awareness
AlongTheWayKate;6/11/2016 22:24;0;Harry just harvested our volunteer pumpkin! The plant recently was overcome by powdery mildew … https://www. instagram.com/p/BGhwor4wpwb/;;7.41728E+17;y;Others
JChlapecka;5/4/2016 18:25;1;Temps 70-80 and high humidity = perfect weather for powdery mildew . Several fungicides labeled for prevention. pic.twitter.com/nniXjKn4XP;;7.27897E+17;y;self
HuskerHort;5/3/2016 16:02;4;Turf looking a little white? Powdery mildew is a common fungal infection. Find out more in #NebExt #HortUpdate http:// hortupdate.unl.edu /;#NebExt #HortUpdate;7.27499E+17;y;Awareness
theGRDC;4/1/2016 3:31;11;Nine cases of fungicide resistance identified in Australia in 2014-15, including wheat powdery mildew : http:// bit.ly/1ZMc2KR @CCDMnews;;7.15713E+17;y;Awareness
MiketheGardener;4/8/2016 2:10;0;We are getting closer to powdery mildew season. Are you ready? http:// 104homestead.com/powdery-mildew -treatment/ … http:// fb.me/4LRtIrt5A;;7.1823E+17;y;Awareness
BS_PP;4/7/2016 13:16;9;PhD Opportunity Dublin: resistance to powdery mildew in oats. http:// jobs.sciencecareers.org/job/402115/phd -studentship-teagasc-phd-walsh-fellowship-opportunity-plant-pathology/ … #phdchat #plantpathology;#phdchat #plantpathology;7.18035E+17;y;Others
VTPPWS;4/8/2016 15:09;0;VA #wheat growers are urged to monitor crops for early signs of powdery mildew . http:// goo.gl/X9EtNy #plantpath #VAAgriculture @VCE_news;#wheat #plantpath #VAAgriculture;7.18426E+17;y;Awareness
FrontPlantSci;5/27/2016 5:47;0;The Novel Gene VpPR4-1 from Vitis pseudoreticulata Increases Powdery Mildew Resistance in Transgenic Vitis vi... http:// bit.ly/1XBa8gL;;7.36041E+17;y;Research
OkieMGs;6/17/2016 15:22;0;Trim away shoots, suckers, and small crape myrtle branches infected with powdery mildew , dispose of properly. Trim plant to allow air flow.;;7.43796E+17;y;Awareness
CoryLCowan;5/16/2016 20:17;0;@Toddbrady8 lower in the canopy in some spots, not much if any powdery mildew . Getting into the Twinline window (flag out and flopped over);;7.32274E+17;y;Others
UTPlantDoc;5/25/2016 16:36;5;Scabby lesions on sedum caused by a powdery mildew ? Yes, on sedum growing in shade. pic.twitter.com/fGOVnZ5ZUW;;7.3548E+17;y;self
BobBerkevich;5/17/2016 17:33;0;@damon_lee_smith is powdery mildew in wheat affected/slowed down by frost? Grower is contemplating fungicide.;;7.32595E+17;y;Others
ModernSauce;3/14/2016 14:43;0;"@_emily_rose BTW, that weed"" that had the powdery mildew in my yard is a germander! http:// ow.ly/ZqNMM Good to know!""";;7.09374E+17;y;Others
FS_PARTNERS;6/3/2016 19:20;1;Don't let stripe rust, FHB, powdery mildew or septoria diminish yield or quality #FSPinthefield #plantprotection #T3 pic.twitter.com/x7ZQzfCQem;#FSPinthefield #plantprotection #T3;7.38783E+17;y;Others
Nicole_WardUK;5/6/2016 0:39;0;Powdery mildew is the most prominent disease of greenhouse hemp. Our program began Phase 1 of our powdery mildew ... http:// fb.me/13WFwF6zz;;7.28353E+17;y;Awareness
DalesidePlants;6/28/2016 18:35;0;TOP TIP: Keep a look out for powdery mildew , especially if the weather is warm and dry. Spray with Bayer Fungus Fighter if required.;;7.47831E+17;y;Awareness
Scien_net;4/20/2016 0:32;0;#Scien The control of swede powdery mildew http:// tinyurl.com/he46983;#Scien;7.22553E+17;y;Awareness
RVDcrops;3/29/2016 22:59;2;Powdery mildew is prevalent in the lower leaves and stems in several of our variety plots south of Concordia. pic.twitter.com/XmikFDTHQe;;7.1492E+17;y;self
viviannastevens;3/22/2016 22:02;0;Powdery mildew .. http:// ift.tt/1WGsNW8 #Gardening;#Gardening;7.12384E+17;y;Awareness
ECGardeningLtd;5/25/2016 11:04;0;Powdery mildew ? Forget the chemicals!! Mulch appropriately and remove and dispose of damaged foliage (preferably burn it)...;;7.35396E+17;y;Awareness
MatthewMoscou;3/8/2016 12:18;6;Dodds: Sr50 was introgressed from rye (like Sr31), located at rye homologous locus of Mla (barley powdery mildew R locus) #RSfungalthreats;#RSfungalthreats;7.07164E+17;y;Others
Farm_Apprentice;6/20/2016 10:54;0;@BradenBagley were a fair way behind as far as maturity but have found a little powdery mildew in the baudin, that's a given! SFNB soon;;7.44816E+17;y;self
EmphasisProject;4/11/2016 12:05;2;Powdery #mildew of black gram http:// buff.ly/1Sb7Ch9 via @plantdisease #planthealth http:// buff.ly/1Sb7Ch9 pic.twitter.com/nJfmSr1qIf;#mildew #planthealth;7.19466E+17;y;Awareness
FarmsNews;5/5/2016 15:08;1;Winter Wheat Diseases: Powdery Mildew & Tan Spot Increasing Read more... http://www. farms.com/commentaries/w inter-wheat-diseases-powdery-mildew-tan-spot-increasing-107062.aspx … pic.twitter.com/1UamV5Vwj8;;7.2821E+17;y;Awareness
lambros_f;5/14/2016 20:44;0;Interesting paper on Powdery Mildew interaction with the Arabidopsis ADF4 http://www. plantphysiol.org/content/170/3/ 1420.abstract?etoc …;;7.31556E+17;y;Research
meiosis_papers;4/22/2016 18:34;0;Marker Assisted Transfer of Two Powdery Mildew Resistance Genes PmTb7A.1 and PmTb7A.2…|PLOS One•Singh K http:// pubmed.com/26066332;;7.2355E+17;y;Research
stevens_phil;3/28/2016 10:19;0;And I can report that potassium bicarbonate does keep the powdery mildew at bay. Amazing stuff and completely safe. #rpt;#rpt;7.14366E+17;y;Awareness
CertisUK;3/19/2016 10:05;1;Powdery mildew has been reported as being very active on protected crops #StayAlert;#StayAlert;7.11116E+17;y;Awareness
ConservationTV;6/4/2016 7:03;0;Powdery mildew relief found in your kitchen pantry! http:// zkq.me/Sa4SC;;7.38959E+17;y;Awareness
DTelenko;6/22/2016 2:09;6;First powdery mildew of the season in zucchini #plantdisease @GLVeg @CornellVeg @ccecornell pic.twitter.com/GtrDNomzHd;#plantdisease;7.45408E+17;y;self
AGaminKansas;5/3/2016 17:12;6;Stripe rust and powdery mildew on #wheattour16 pic.twitter.com/vb8LPIEPZS;#wheattour16;7.27516E+17;y;self
loyal2days;5/15/2016 20:14;0;I think my apple trees may have powdery mildew . Going to try milk as one of the natural remedies. You know, when it stops SLEETING!;;7.31911E+17;y;self
KamounLab;6/2/2016 19:29;1;Powdery Mildew Summer School, Hungary, August 2016 http:// sco.lt/9Fd70j;;7.38422E+17;y;Ad
SodoHydro;3/18/2016 21:23;0;This eliminates algae, stops powdery mildew and does away with pesticides!... http:// fb.me/4w6BdjkQe;;7.10925E+17;y;Awareness
sayitwhirly;6/28/2016 17:01;0;@ECthetwit now all the bean plants have powdery mildew . OOPS;;7.47807E+17;y;self
SNP_papers;6/16/2016 13:11;0;Haynaldia villosa NAM-V1 is linked with the powdery mildew resistance gene Pm21 and contributes to increasing grain… http:// dlvr.it/LZXKmL;;7.43401E+17;y;Research
sunshineshounen;5/26/2016 16:01;0;"the flowers were half-bloomed before it got infected by the powdery mildew …I hope the new shoots will grow up & be nice and healthy ;n;";;7.35833E+17;y;self
StackGardening;3/14/2016 3:03;0;Is powdery mildew spreading through my garden? http:// gardening.stackexchange.com/q/23495?atw=1 #vegetables;#vegetables;7.09198E+17;y;Awareness
ConservationTV;4/8/2016 8:41;0;Powdery Mildew : Kitchen Cure to Stop Cucumber and Squash Loss http:// qza.me/DIZXL;;7.18328E+17;y;Awareness
theGRDC;5/5/2016 3:20;8;Spray early in 2016 for wheat powdery mildew in susceptible areas - @DAF_WA pathologist Ciara Beard: http:// bit.ly/1ru4Asx;;7.28032E+17;y;Awareness
MyGardenTeam;6/29/2016 17:31;0;Powdery Mildew . http://www. gardenadvice.co.uk/advisor/garden ing-tips/powdery-mildew/ …;;7.48177E+17;y;Awareness
EurekaMag;3/16/2016 5:11;0;#EurekaMag Hawthorn powdery mildew : occurrence, survival and ascospore productivity of Podosphaera clandestina… http:// dlvr.it/KnwMny;#EurekaMag;7.09955E+17;y;Research
Dankbudzofmich;4/15/2016 15:03;0;How to Cure Powdery Mildew https:// youtu.be/iTtDL0DOFmk via @YouTube;;7.20961E+17;y;Awareness
acadiagarden;6/10/2016 3:40;0;@CalgaryArborist Are you seeing lots of powdery mildew on crab apples this season. Seems an issue in Acadia. #opinion please;#opinion;7.41083E+17;y;self
GardeningJoys;6/19/2016 8:13;0;Milk, A Garden Miracle Against Powdery Mildew ..one part ... - #garden #gardens #gardening http:// gardeningjoys.xyz/milk-a-garden- miracle-against-powdery-mildew-one-part-milk9-parts-water-and-spray-on-leaves-will-work-on-any-plant-spray-once-a-week/ … pic.twitter.com/rgrY4k5hMk;#garden #gardens #gardening;7.44413E+17;y;Awareness
EricaHol;6/13/2016 21:09;3;Powdery mildew starting to show up in peas. Time to start thinking about #fungicide options. #AbAg #Peas pic.twitter.com/dUp3ySWU7s;#fungicide #AbAg #Peas;7.42434E+17;y;self
idiggreenacres;3/2/2016 23:22;0;@sriram20 It doesn't look like it is dying, but it definitely has disease or a pest. The young leaves look like powdery mildew ?;;7.05156E+17;y;Others
Mama__B;6/3/2016 16:37;0;Okay #tomato experts, is this powdery mildew on my Roma tomatoes? pic.twitter.com/dK3ltpDRJm;#tomato;7.38741E+17;y;Others
GreatGardening2;5/17/2016 7:37;0;Prevent powdery mildew with this spray: 1 gallon of water ... - http:// greatgardening.xyz/prevent-powder y-mildew-with-this-spray-1-gallon-of-water-1-tablespoon-of-baking-soda-1-tablespoon-of-vegetable-oil-1-tablespoon-of-dishwashing-liquid-mix-the-ingredients-together-and-add-them-to-a-sp/ … #garden #gardening #gardens pic.twitter.com/k0u42Ofino;#garden #gardening #gardens;7.32445E+17;y;Awareness
exBasinFarm;5/29/2016 18:55;0;Planted pumpkins this morning. Hopefully they grow nice this year. Powdery mildew and late frost last year left me with not enough;;7.36964E+17;y;Others
Scien_net;3/11/2016 8:47;10;#Scien Susceptibility of five faba bean cultivars to powdery mildew disease in western Canada http:// dlvr.it/Klb93W;#Scien;7.08198E+17;y;Awareness
HandymanMag;3/29/2016 2:30;0;Get Rid Of Powdery Mildew . Get rid of this common fungus by using simple sprays & techniques http:// ow.ly/ZMzfI http:// ow.ly/i/hMRjj;;7.14611E+17;y;Awareness
EMS_A2;4/22/2016 2:49;0;@cherylreads @growingnorth Not powdery mildew see pic. Maybe downy mildew? White fuzzy underside of leaf? Google it. pic.twitter.com/MKR3C07Rc4;;7.23313E+17;y;Others
idjoly;4/13/2016 23:34;4;Interview in French - @heureacadie - on our Cannabis powdery mildew project and the @nb_innovation prize Noémi got! http://www. radio-canada.ca/emissions/L_he ure_de_pointe_acadie/2015-2016/archives.asp?date=2016%2F04%2F13&indTime=2358&idmedia=7485669 …;;7.20365E+17;y;Awareness
RecipesReport;6/26/2016 16:44;0;Gary Church: Homemade recipes that will prevent powdery mildew - New Castle News http:// dlvr.it/LfhZ7R;;7.47078E+17;y;Awareness
FarmsNews;3/18/2016 14:25;3;Early Season Considerations For Powdery Mildew On Small Grains Read more... http://www. farms.com/news/early-sea son-considerations-for-powdery-mildew-on-small-grains-105114.aspx … pic.twitter.com/iqTF7hBUzq;;7.1082E+17;y;Awareness
wheat_papers;6/22/2016 13:03;1;Powdery mildew resistance in wheat cultivar Mv Hombár is conferred by a new gene PmHo. http:// dlvr.it/Ld0ctF pic.twitter.com/kkLySdaZE2;;7.45573E+17;y;Research
HannaHameline;3/20/2016 3:40;0;When powdery mildew thinks it can take over this proud mama's baby Jade plant.... #LAUGHABLE;#LAUGHABLE;7.11382E+17;y;self
Bayer4CropsAU;6/9/2016 7:43;2;"Northern WA wheatbelt bracing for powdery mildew "" Read more in Cultivate Issue 2 pg38: http:// bayercropscience.com.au/cultivate#AusAg pic.twitter.com/PMNWP5UW9c""";#AusAg;7.40781E+17;y;Awareness
red_number_one;6/8/2016 18:35;0;Cherry Tomatoes Ripening - Powdery Mildew , Baking Soda & Milk - Balcony Garden https:// youtu.be/d6LNWXt-CcY;;7.40583E+17;y;Awareness
farmdaily;5/3/2016 1:30;0;Some #wheat fields in Neb have seen little disease, others have fungal leaf spot, powdery mildew & stripe rust. http:// ow.ly/4njXh9;#wheat;7.27279E+17;y;self
BotanicalSeeds;4/21/2016 15:51;0;Developed for resistance to powdery mildew , REBA is an acronym for “Resistant Early Bush Ac… http:// buff.ly/1MkQxPl pic.twitter.com/gGnB65KdB6;;7.23147E+17;y;Awareness
HAWAIInowApp;6/19/2016 12:50;0;http:// ift.tt/23jrLmB Tropical Gardening Helpline: Powdery mildew is unattractive, but not usually fatal #HNLnow;#HNLnow;7.44483E+17;y;Awareness
CertisUK;3/29/2016 14:10;3;#StartCleanAndStayClean could be the key to keeping on top of powdery mildew in protected crops #StayAlert pic.twitter.com/75P9LD6d7M;#StartCleanAndStayClean #StayAlert;7.14787E+17;y;Awareness
AgProfessional;3/21/2016 20:14;2;Powdery mildew resistant #wheat cultivar developed. http://www. agprofessional.com/news/powdery-m ildew-resistant-wheat-cultivar-developed …;#wheat;7.11994E+17;y;Awareness
thegardenlady;6/19/2016 17:00;1;#yardandgarden #tipoftheday Growing squash? Spray regularly with an organic fungicide to suppress powdery mildew . Stems, under leaves.;#yardandgarden #tipoftheday;7.44545E+17;y;Awareness
FlatBud;6/7/2016 19:00;1;Powdery Mildew https:// flatbud.com/disease/powder y-mildew … #powderymildew pic.twitter.com/Qvq3FJmSfu;#powderymildew;7.40227E+17;y;Awareness
knowledgegngsta;6/11/2016 22:46;0;Kill Powdery Mildew Fast With This D.I.Y. Recipe - Sustainable Gardening News http:// fb.me/7m9bZMKnL;;7.41733E+17;y;Awareness
jacquet_chris;6/15/2016 17:04;0;Opposing Functions for Plant Xanthine Dehydrogenase in Response to Powdery Mildew Infection: Produc... | @scoopit http:// sco.lt/7mIrhJ;;7.43097E+17;y;Research
BiolaRaisin;4/13/2016 21:27;2;Can you see it? After last weekend's rain, applying more dusting sulfur to protect the vines against powdery mildew . pic.twitter.com/134mflZM9I;;7.20333E+17;y;self
Jesse_N_Harding;5/3/2016 18:42;5;Pink stop 6: Mitchell co #KS slight stripe rust, powdery mildew w/some black bugs &tall stands avg 64.8 #wheattour16 pic.twitter.com/nvA9K7ti7o;#KS #wheattour16;7.27539E+17;y;self
UTPlantDoc;6/6/2016 22:14;0;@PNWNurseryIPM Just checked, all I have are aphids and spider mites on Stachys here, no powdery mildew .;;7.39913E+17;y;Others
BoisvertLyse;5/27/2016 5:07;1;#winterwheat @info_at_CLC Seeing powdery mildew & flag leaf! Thanks @JDougFehr for Acapela. Spraying tomorrow. pic.twitter.com/SdpDicON4L;#winterwheat;7.36031E+17;y;self
GardeningJoys;3/18/2016 13:55;0;Using Milk to Prevent Powdery Mildew , great for use on all ... - #garden #gardens #gardening http:// gardeningjoys.xyz/using-milk-to- prevent-powdery-mildew-great-for-use-on-all-squash-and-pumpkins-great-article-shows-you-what-to-do-and-how-it-works/ … pic.twitter.com/3Aa9LqCFKB;#garden #gardens #gardening;7.10812E+17;y;Awareness
islandVivi;4/16/2016 16:38;0;Damn this powdery mildew trying to kill my squash.. Also.. No thank you in advance for unsolicited suggestions and ideas on eradicating it.;;7.21347E+17;y;self
EurekaMag;3/7/2016 21:09;8;#EurekaMag Effects of controlled epidemics of powdery mildew on grain yield of spring barley http:// dlvr.it/KjlMnc;#EurekaMag;7.06935E+17;y;Research
FlatBud;6/25/2016 19:00;0;Powdery Mildew https:// flatbud.com/disease/powder y-mildew … #powderymildew pic.twitter.com/o19OTUKGLF;#powderymildew;7.4675E+17;y;Awareness
MarionSWCD;6/6/2016 23:50;0;how to deal with lilac powdery mildew , http:// pnwhandbooks.org/plantdisease/l ilac-syringa-spp-powdery-mildew …;;7.39938E+17;y;Awareness
SnitcoEcaterina;6/5/2016 11:39;0;#Мучнистая #роса ! #Как #бороться ! #Розы и #мучнистая #роса ! #Powdery #mildew #How to fight! #Roses and #... http:// fb.me/2VNxAdord;# # # # # # # #Powdery #mildew #How #Roses #;7.39391E+17;y;Awareness
urban_gro;6/14/2016 23:40;2;Procidic2 is labeled for #Cannabis . Prevent or eliminate powdery mildew in #commercial #grow http:// buff.ly/1Uthh0e pic.twitter.com/Pkki6crbsQ;#Cannabis #commercial #grow;7.42834E+17;y;Awareness
TXGardenerMag;4/13/2016 19:52;0;South TX: Watch vine crops for the occurrence of powdery mildew . Control with an approved fungicide or remove infected plants.;;7.20309E+17;y;Awareness
CertisUK;3/20/2016 8:25;4;There is a high risk to protected crops from powdery mildew . Make sure you identify symptoms early to limit the impact @hortweek #StayAlert;#StayAlert;7.11454E+17;y;Awareness
Susang6;3/29/2016 8:31;0;6 Ways to Prevent Powdery Mildew https:// shar.es/1YJJYh via @sharethis;;7.14701E+17;y;Awareness
APS_CLARE;5/14/2016 16:31;0;Integrated control of apple scab and powdery mildew using organic treatments http:// apsjournals.apsnet.org/doi/abs/10.109 4/PDIS-12-15-1416-RE …;;7.31492E+17;y;Research
Susang6;3/29/2016 12:07;0;2 Organic fungicides that kill Powdery Mildew , I use them in my garden, they work http:// brev.is/8DzC;;7.14756E+17;y;Awareness
dancerindc;6/26/2016 21:24;0;Despite some powdery mildew challenges, the Bee Balm is out in full force this week. Love these… https://www. instagram.com/p/BHIRumlhs96/;;7.47149E+17;y;Others
Life_Sciences_;3/7/2016 2:44;0;#EurekaMag Effects of powdery mildew disease on uptake and metabolism of nitrogen by roots of infected barley http:// dlvr.it/KjLJrd;#EurekaMag;7.06657E+17;y;Research
rnomics;5/22/2016 16:18;0;"Reprint of Sequence and phylogenetic analyses of novel totivirus-like double-stranded RNAs from field-collected powdery mildew fungi"". - P…""";;7.34388E+17;y;Research
KayvanSamavati;4/20/2016 22:58;0;I added a video to a @YouTube playlist http:// youtu.be/iTtDL0DOFmk?a How to Cure Powdery Mildew;;7.22892E+17;y;Awareness
PPT_Search;5/29/2016 6:01;0;powdery mildew anamorph Powerpoint Presentations - http://www. ppthunter.com/powdery-mildew -anamorph.htm … #powerpoint #templates #powdery #mildew #anamorph;#powerpoint #templates #powdery #mildew #anamorph;7.36769E+17;y;Others
ramana_brf;3/24/2016 0:02;0;Much lower. All the way to powdery mildew , which has bare minimum DNA to survive as a parasite. https:// twitter.com/rajreddynyc/st atus/712776185168703488 …;;7.12777E+17;y;Others
