username;date;retweets;text;hashtags;id;AgriTweet;Category
AgriiUK;5/3/2016 16:58;5;Yellow rust in Vuka in the tussock plots at the Ludlow iFarm. #knowledgetransfer #iFarm pic.twitter.com/Rh4nHux2aX;#knowledgetransfer #iFarm;7.27513E+17;y;self
sasagronomy;4/26/2016 9:57;3;"Sins of the parents visited upon the children"" Oakley(2)XDenman(4) parentage explains the yellow rust in Reflection! #longwaytogotoharvest""";#longwaytogotoharvest;7.2487E+17;y;others
yorkshiregeezer;5/13/2016 19:01;3;UT Skyfall showing active yellow rust on leaf 3 in Yorkshire pic.twitter.com/1zKV5QGbNy;;7.31168E+17;y;self
Indigro1;5/4/2016 15:33;1;Yellow rust in Mulika Spring wheat #agronomy pic.twitter.com/1CfJg0y6wh;#agronomy;7.27854E+17;y;self
Bayer4CropsUK;3/30/2016 18:51;1;@sjpoxley interesting graphic Simon. Thanks for sharing. Frosts definitely helped dampen yellow rust , it seems. #cropdoctor;#cropdoctor;7.1522E+17;y;others
AndyNash_Agrii;6/21/2016 10:05;3;@DickyWood1 Reflection looking good - no yellow rust ! pic.twitter.com/fnsPo580nu;;7.45166E+17;y;others
Cropnuts_agron;5/27/2016 17:56;7;Seen Yellow Rust this season, but not in Skyfall until now. pic.twitter.com/pd0wKoyFLE;;7.36225E+17;y;self
AdasBlake;4/16/2016 12:54;7;Yellow rust Santiago, Lincs present but not as aggressive as in Horatio near Hereford earlier this week pic.twitter.com/fokq7F35le;;7.21291E+17;y;self
Blackthorncox;4/22/2016 10:10;2;Reflection showing yellow rust again yesterday, rapid onset after earlier triazole and morpholine;;7.23424E+17;y;self
LoriStoudt;5/17/2016 13:51;0;Orange Yellow Rust Instant Book Hard Cover by VintageInspiredNow http:// etsy.me/1UiTzV2 via @Etsy;;7.32539E+17;n;
LoriStoudt;5/8/2016 12:52;0;Orange Yellow Rust Instant Book Hard Cover by VintageInspiredNow http:// etsy.me/1UiTzV2 via @Etsy;;7.29263E+17;n;
CropMonitor;4/27/2016 12:16;0;Our latest report is up http://www. cropmonitor.co.uk/FoLCompiledRep orts/viewReport.cfm?week_id=235 … news on pigeons, yellow rust and pollen beetle @farmingonline @AICC1981 #CMreport;#CMreport;7.25267E+17;y;Awareness
EdRojasT;6/22/2016 10:03;8;Can #endophytes help us to control yellow rust ? At @KU_PLEN we're trying to figure it out! #wheat #plantSci pic.twitter.com/cPADd0QvBk;#endophytes #wheat #plantSci;7.45528E+17;y;Research
scott_cockburn;4/12/2016 15:44;3;Plenty of yellow rust about, triazole a must in these situations - luckily this one has just had Cherokee pic.twitter.com/mmI6OFxV7g;;7.19884E+17;y;self
LGSeedsUK;4/26/2016 13:17;9;ALERT: Be extra vigilant checking wheat crops for yellow rust , aggressive race causes threat http:// goo.gl/rQ7Bzz pic.twitter.com/87FZDOdnb5;;7.2492E+17;y;Awareness
CropMonitor;5/19/2016 9:34;2;Our latest report is up: seed weevil, yellow rust & Septoria all feature #CMreport @farmingonline @AICC1981 http://www. cropmonitor.co.uk/FoLCompiledRep orts/viewReport.cfm?week_id=238 …;#CMreport;7.33199E+17;y;Awareness
ssmshah;6/21/2016 18:56;2;@AgriiWest Bill Angus discussing different strains of yellow rust at the Agrii South Wales ifarm event pic.twitter.com/XIsFVV6XLc;;7.45299E+17;y;others
NIABTAG;5/23/2016 16:47;0;"@DickyWood1 the UKCPVS team will find out! Lots of yellow rust chat this year; come along to our Cambridge Open Day on 28/6 for more info";;7.34758E+17;y;Ad
FarmingFutures;6/6/2016 17:45;0;Yellow rust of wheat http://www. farmingfutures.org.uk/blog/yellow-ru st-wheat … @croprotect;;7.39846E+17;y;Awareness
reglimagrain;4/29/2016 14:22;4;South East Farmer News: Growers warned watch out for yellow rust http://www. southeastfarmer.net/section/news/g rowers-warned-watch-out-for-yellow-rust …;;7.26024E+17;y;Awareness
youngspikey1;6/9/2016 19:34;0;Yellow rust showing in untreated plots. New race? #varietyday pic.twitter.com/YuvJck6tW3;#varietyday;7.4096E+17;y;self
theladyfarmer;4/28/2016 13:48;0;#KWS target completely broken down to yellow rust for us;#KWS;7.25653E+17;y;others
reglimagrain;3/8/2016 17:10;4;#UKCPVS results meeting We need to walk our wheat crops as yellow rust race situation is continuing to evolve Need to monitor all varieties;#UKCPVS;7.07237E+17;y;others
andrew_brice;6/4/2016 0:15;0;Yellow rust in Cordiale. #spraymiss pic.twitter.com/PPOFtczumr;#spraymiss;7.38857E+17;y;self
RNA_seq;5/22/2016 12:08;0;The host-pathogen interaction between wheat and yellow rust induces temporally coordinated waves of gene expression. http:// dlvr.it/LMxBDc;;7.34325E+17;y;Research
robinsingh012;5/26/2016 7:41;0;#TransformingIndia Punjab Agri Dept. committed to provide timely help…sets up call center to help farmer save crop from ‘ yellow rust ’;#TransformingIndia;7.35707E+17;y;Awareness
LoriStoudt;4/30/2016 15:28;0;Orange Yellow Rust Instant Book Hard Cover by VintageInspiredNow http:// etsy.me/1UiTzV2 via @Etsy;;7.26403E+17;n;
Cropnuts_agron;4/23/2016 9:48;2;Yellow Rust active in Dorset on Cordiale. At least its not Reflection! @farmersamclarke pic.twitter.com/8LIQ4zZLZp;;7.23781E+17;y;self
blacker_david;3/7/2016 21:18;0;@SyngentaCropsUK @SiggsSigg plastered in Yellow Rust here. Otherwise looks ok;;7.06937E+17;y;self
freddie_grant;5/27/2016 17:51;0;@bodenfarming yellow rust ?;;7.36223E+17;n;
SRUCCropClinic;5/11/2016 12:48;1;Yellow rust now at our eyespot site in East Lothian - the weekend sea haars were ideal. Azole mixes at T1 should do a good job protecting.;;7.30349E+17;y;self
LoriStoudt;5/14/2016 12:14;0;Orange Yellow Rust Instant Book Hard Cover by VintageInspiredNow http:// etsy.me/1UiTzV2 via @Etsy;;7.31427E+17;n;
LoriStoudt;3/22/2016 13:11;0;Orange Yellow Rust Instant Book Hard Cover by VintageInspiredNow http:// etsy.me/1UiTzV2 via @Etsy;;7.1225E+17;n;
LoriStoudt;6/5/2016 12:19;0;Orange Yellow Rust Instant Book Hard Cover by VintageInspiredNow http:// etsy.me/1UiTzV2 via @Etsy;;7.39401E+17;n;
HarriRB;4/14/2016 15:51;1;' Yellow rust is quite photogenic'. Claire Lewis #monogram16;#monogram16;7.20611E+17;n;
FarmersWeekly;3/4/2016 18:12;13;Wheat grower concerns as septoria and yellow rust surges in crops across the UK #clubhectare http:// bit.ly/1Qw5A8y pic.twitter.com/mpQZvbM0Mo;#clubhectare;7.05803E+17;y;Awareness
LoriStoudt;5/30/2016 2:01;0;Orange Yellow Rust Instant Book Hard Cover by VintageInspiredNow http:// etsy.me/1UiTzV2 via @Etsy;;7.37071E+17;n;
LoriStoudt;3/12/2016 15:22;0;Orange Yellow Rust Instant Book Hard Cover by VintageInspiredNow http:// etsy.me/1UiTzV2 via @Etsy;;7.08659E+17;n;
sunkfarmer;3/19/2016 9:27;0;@richardnyo @FarmersWeekly The only disease my wheat has is lack of warm weather. Crops clean so far. No yellow rust on Reflection #BYB;#BYB;7.11107E+17;y;others
FarmingFutures;4/22/2016 22:00;0;Wheat evolution and resistance to yellow rust http://www. farmingfutures.org.uk/blog/wheat-evo lution-and-resistance-yellow-rust … @GenomeAnalysis;;7.23602E+17;y;Awareness
LoriStoudt;6/13/2016 15:23;0;Orange Yellow Rust Instant Book Hard Cover by VintageInspiredNow http:// etsy.me/1UiTzV2 via @Etsy;;7.42347E+17;n;
MatthewMoscou;4/14/2016 15:52;1;#monogram16 Clare Lewis on the population dynamics of wheat yellow rust;#monogram16;7.20611E+17;y;others
wheat_papers;5/22/2016 14:01;0;The host-pathogen interaction between wheat and yellow rust induces temporally coordinated… http:// dlvr.it/LMyrmp pic.twitter.com/px3hMPL8Fi;;7.34353E+17;y;Research
sjhswa;4/23/2016 13:27;2;Yellow rust evident in Reflection in Somerset. 50% teb at t0 appears to be holding it. Adding pyraclo at t1.;;7.23836E+17;y;self
ssmshah;6/12/2016 16:13;1;@AgriiWest yellow rust at AgriiFocus pic.twitter.com/f0iCpZyEbD;;7.41997E+17;y;self
Buygonedays;4/8/2016 2:31;0;Check out Vintage Hurricane Lamp Shade floral design gold yellow rust colors ruffled edge http://www. ebay.com/itm/-/39128828 9722?roken=cUgayN&soutkn=y4BeG9 … via @eBay;;7.18235E+17;n;
russbmckenzie;5/2/2016 18:12;0;@adamjdriver1 @pippartridge @RBoldan only put 12 hectares in to compare to Evolution, not growing again, too risky with the yellow rust .;;7.27169E+17;y;self
reglimagrain;3/8/2016 8:19;0;On our way to the #UKCPVS meeting @NIABTAG - should be interesting to see how yellow rust races are evolving.;#UKCPVS;7.07103E+17;y;others
davidjonesFW;3/1/2016 16:32;1;Yellow rust is now as serious a disease as septoria for wheat growers http://www. fwi.co.uk/arable/yellow- rust-as-serious-as-septoria-for-wheat-growers.htm … pic.twitter.com/cYXapuDIzC;;7.04691E+17;y;Awareness
FarmingFutures;3/14/2016 19:48;0;Wheat evolution and resistance to yellow rust http://www. farmingfutures.org.uk/blog/wheat-evo lution-and-resistance-yellow-rust …;;7.09451E+17;y;Awareness
Katie__dew;4/1/2016 16:40;0;Yellow rust in JB Diago. With Phil Merhant @AgrovistaUK pic.twitter.com/T6EXUB4Nc9;;7.15912E+17;y;self
sjpoxley;3/4/2016 18:26;3;Thanks to @Elsomsseeds agreeing to summer RL wheat open day. Great site. Plenty of septoria & hints of yellow rust pic.twitter.com/kEtT203hoC;;7.05807E+17;y;self
2blades;3/15/2016 16:24;0;UK yellow rust pathogen population is becoming more complex http://www. fginsight.com/news/news/new- races-add-to-complexity-of-yellow-rust-disease-threat-10721 …;;7.09762E+17;y;Awareness
EnriqueCQuio;5/21/2016 20:09;1;The host-pathogen interaction between wheat and yellow rust induces temporally coordinated waves of... https:// bmcgenomics.biomedcentral.com/articles/10.11 86/s12864-016-2684-4 … #bmcgenomics;#bmcgenomics;7.34084E+17;y;Research
AgrovistaSelect;6/18/2016 16:01;7;Worst untreated variety plots now pretty much totally defoliated by Yellow Rust at Stoughton site pic.twitter.com/WTk3uB1qbo;;7.44168E+17;y;self
MatthewMoscou;4/14/2016 15:53;5;#monogram16 I agree that wheat yellow rust is a beautiful creature, now we just need to get rid of it...;#monogram16;7.20611E+17;y;self
LoriStoudt;5/23/2016 18:50;0;Orange Yellow Rust Instant Book Hard Cover by VintageInspiredNow http:// etsy.me/1UiTzV2 via @Etsy;;7.34789E+17;n;
MSPAgronomy;3/29/2016 19:46;0;Yellow rust on some leaves of Horatio pic.twitter.com/p5AUgPc81U;;7.14871E+17;y;self
FarmersWeekly;5/11/2016 10:07;15;Alert: Yellow rust in developing on certain #wheat varieites - treat on sight! #clubhectare http:// bit.ly/1Wp1V0t pic.twitter.com/WPA5yE016Z;#wheat #clubhectare;7.30308E+17;y;Awareness
Davy_Ian;5/19/2016 21:56;1;@AgriiUK lots of Yellow rust in untreated Reflection @Throws Farm. Graham shows its strengths #growlowerriskwheats pic.twitter.com/dkXV3GWvsC;#growlowerriskwheats;7.33386E+17;y;self
YoubidderSniper;5/24/2016 15:31;0;Lot Of 7 African Trade Beads Venetian Glass Millefiori/ yellow/rust /white/bla http:// youbidder.com/141990036667 Ebay Snipe ↺RT, Favorite, S;;7.35101E+17;n;
LoriStoudt;4/18/2016 9:58;0;Orange Yellow Rust Instant Book Hard Cover by VintageInspiredNow http:// etsy.me/1UiTzV2 via @Etsy;;7.21971E+17;n;
commodityindia;6/9/2016 12:06;0;Yellow rust shows up dramatically in Suffolk wheat trial - 06/09/2016 http://www. commodityindia.com;;7.40848E+17;y;news
reglimagrain;4/13/2016 18:47;1;Still plenty of yellow rust , mildew and septoria on untreated OBS plots at our Lincolnshire trial site @LGSeedsUK pic.twitter.com/AqvEbvxHnw;;7.20292E+17;y;self
2blades;3/2/2016 4:13;6;UK: Yellow rust as serious as septoria for wheat growers - Farmers Weekly http://www. fwi.co.uk/arable/yellow- rust-as-serious-as-septoria-for-wheat-growers.htm#.VtZaa-BElUk.twitter …;#;7.04867E+17;y;Awareness
russbmckenzie;6/10/2016 18:00;0;@blacker_david @OOOfarmer @KWSUKLtd Untreated Skyfall trial plastered with yellow rust the other day. It gets YR but easy to control ATM!;;7.41299E+17;y;self
VPaljasniy;5/26/2016 8:20;0;Yes)highly impacted by Yellow Rust ) and powderew mildew) I collect rust spores by car vacuum cleaner) https:// twitter.com/Sivapbg/status /735617305359458305 …;;7.35717E+17;y;self
kungfustone;4/14/2016 10:21;0;@deng_flora hello, if you need buy china yellow rust g682 granite slabs, welcome contact with us by email sales@kungfu-stone.com;;7.20527E+17;n;
ProCamUK;5/25/2016 16:11;0;Yellow rust in untreated plots - fungicide programmes working well. #agronomy #yellowrust #fungicide pic.twitter.com/QuCJ4x9d0z;#agronomy #yellowrust #fungicide;7.35473E+17;y;self
AHDB_Cereals;3/8/2016 11:50;4;2015 #UKCPVS results: Unexpected levels of yellow rust on some commercial varieties pic.twitter.com/NCTrfsxXvG;#UKCPVS;7.07156E+17;y;self
FG_abby;3/17/2016 17:56;4;New races add to complexity of yellow rust disease threat https://www. fginsight.com/news/new-races -add-to-complexity-of-yellow-rust-disease-threat-10721 … #cropdisease #arable pic.twitter.com/WBSmFbHPnN;#cropdisease #arable;7.1051E+17;y;Awareness
ianholmes20;3/3/2016 22:52;7;@LinesDavid reflection has yellow rust in Notts, actually more so than Santiago pic.twitter.com/M5kmuU2se4;;7.05511E+17;y;self
JunkandGems;4/25/2016 18:52;0;Yellow & Rust Floral Curtains http:// fb.me/81iL3POge;;7.24642E+17;n;
AgriiUK;6/1/2016 9:23;2;Yellow rust in the flag leaves of Reflection at the Dorset iFarm today #iFarms #knowledgetransfer pic.twitter.com/G21XPQiiS8;#iFarms #knowledgetransfer;7.37907E+17;y;self
gianstr;5/24/2016 18:57;0;BMC Genomics: The host-pathogen interaction between wheat and yellow rust induces te... | @scoopit via @KamounLab http:// sco.lt/6QQPh3;;7.35153E+17;y;Research
akenne;6/14/2016 2:34;0;Intersection blue turquoise orange yellow rust brown original modern art abstract acrylic... http:// fb.me/7rPQE9hzM;;7.42515E+17;n;
BASFcropUK;4/7/2016 15:59;0;Yellow rust still romping away in cv reflection, Ixworth @Mattkeane22 pic.twitter.com/Ou1253LUMj;;7.18076E+17;y;self
brknpaintbrush;4/8/2016 15:19;0;@kelfrei great looking Kan! I love the yellow/rust /metal;;7.18428E+17;n;
harry_abell;4/1/2016 12:35;1;Yellow rust within suburbs of Nottingham. Cordiale filthy. pic.twitter.com/ysUdjE2EQa;;7.1585E+17;y;self
OakManoj;6/7/2016 6:55;0;BMC Genomics: The host-pathogen interaction between wheat and yellow rust induces temporally coordi... | @scoopit http:// sco.lt/9MTJ57;;7.40044E+17;y;Research
Cropnuts_agron;5/4/2016 13:47;0;Anyone seeing Yellow Rust in Skyfall? Nothing down here. Is there scope to economise on fungicide input?;;7.27827E+17;y;others
xrjquarry;6/16/2016 11:08;0;yellow rust slate and black slate , if have any intersting ,welcome to contact with us . XRJ stone /Kenny;;7.4337E+17;n;
litscraper;5/5/2016 20:14;0;Mapping-by-sequencing in complex polyploid genomes using genic sequence capture: a case study to map yellow rust … http:// dlvr.it/LDtrf2;;7.28287E+17;y;Research
LoriStoudt;4/21/2016 14:40;0;Orange Yellow Rust Instant Book Hard Cover by VintageInspiredNow http:// etsy.me/1UiTzV2 via @Etsy;;7.23129E+17;n;
LilEngCould;5/1/2016 2:29;0;Blue, green, tinge of yellow, rust , streaks. Lust.;;7.26569E+17;n;
LoriStoudt;5/15/2016 13:59;0;Orange Yellow Rust Instant Book Hard Cover by VintageInspiredNow http:// etsy.me/1UiTzV2 via @Etsy;;7.31816E+17;n;
ianholmes20;5/29/2016 15:59;0;Untreated and Treated Reflection. Yellow rust still attacking leaf 2 even with robust treatment. #notfornextyear pic.twitter.com/tE7ikvTe9n;#notfornextyear;7.3692E+17;y;self
AgriiWest;6/23/2016 17:17;1;Bill Angus discussing yellow rust strains #BrackleyiFarm pic.twitter.com/0DlRqQ0God;#BrackleyiFarm;7.45999E+17;y;others
AgriiWest;6/24/2016 14:16;5;Yellow rust has been more widespread+an unexpected challenge in varieties like Reflection, Britannia and JB Diego pic.twitter.com/ZP7xDIBpJf;;7.46316E+17;y;Awareness
adamclarke_1;5/5/2016 9:11;4;Who is finding yellow rust and in which winter #wheat varieties? #clubhectare #farming pic.twitter.com/uDhkaQRHoP;#wheat #clubhectare #farming;7.2812E+17;y;others
SRUCCropClinic;5/24/2016 10:28;7;Yellow rust reaches Aberdeenshire pic.twitter.com/c5uUvWZp4w;;7.35025E+17;y;news
cricketandcrops;4/21/2016 20:03;7;More reflection = more yellow rust , the bugger better yield or it will be gone next season! pic.twitter.com/A44U5Ql01l;;7.23211E+17;y;self
AthensInsta;5/13/2016 7:19;0;Yellow rust #tgif #gm #fbf #port #sea #light #sun #potd #athens #lovewins #wildatheart #… http:// ift.tt/1Ta3EAl pic.twitter.com/eYVtgYFEpg;#tgif #gm #fbf #port #sea #light #sun #potd #athens #lovewins #wildatheart #;7.30991E+17;n;
SkeetReeseToo;6/14/2016 2:23;0;@BrianStockl I just love #yellow . Rust isn't yellow so I hate it, maybe I should look into @flambeauout and the #zerust series...;#yellow #zerust;7.42513E+17;n;
LoriStoudt;6/3/2016 17:02;0;Orange Yellow Rust Instant Book Hard Cover by VintageInspiredNow http:// etsy.me/1UiTzV2 via @Etsy;;7.38748E+17;n;
LoriStoudt;3/15/2016 12:52;0;Orange Yellow Rust Instant Book Hard Cover by VintageInspiredNow http:// etsy.me/1UiTzV2 via @Etsy;;7.09709E+17;n;
CiaRomeroCarla;4/20/2016 18:47;0;Intersection blue turquoise orange yellow rust brown original modern art abstract acrylic painting http:// pinterest.com/pin/3930798737 08493597/ …;;7.22829E+17;n;
krishijagran;3/2/2016 14:30;0;Yellow rust as serious as septoria for wheat growers Yellow rust is as big a disease threat to wheat crops as... http:// fb.me/4Aysl6ZIX;;7.05022E+17;y;Awareness
CropMonitor;4/9/2016 19:57;2;Our latest #CMreport is http://www. cropmonitor.co.uk/FoLCompiledRep orts/viewReport.cfm?week_id=233 … Yellow Rust resurgence and light leaf spot gathering pace @farmingonline @AICC1981;#CMreport;7.1886E+17;y;Awareness
SallyGray31;4/19/2016 15:38;4;Yellow rust a bit lively in this Reflection where T0 got delayed. Santiago on same farm looking clean pic.twitter.com/2Ns6LtzdPc;;7.22419E+17;y;self
HoldgateSarah;3/8/2016 17:43;9;Latest yellow rust and brown rust update now available: http:// bit.ly/21ZGqDa #UKCPVS;#UKCPVS;7.07245E+17;y;Awareness
LinesDavid;3/5/2016 15:34;0;Kerion Triticale, brapidly approaching GS30 needs pgr, yellow rust and maybe aphicide pic.twitter.com/MCfD5YQ0mc;;7.06126E+17;y;others
FrontierAg;5/25/2016 15:41;0;Yellow rust pressure is high in untreated wheat varieties at Alford #3Dthinking trial site pic.twitter.com/7kB7d6oFQS;#3Dthinking;7.35466E+17;y;self
TJex_Agronomy;4/26/2016 15:09;5;Yellow rust in Reflection in mid Dorset @ssmshah @agronomist_oli @jwbgrantham pic.twitter.com/wuCiUHGYCg;;7.24949E+17;y;self
LuxeSwap;4/8/2016 1:02;0;'LUXURIOUS Jay Kos New York Marigold Yellow Rust Foulard Twill Paisley Silk Ti' just launched at $9.99 NO RESERVE! http://www. iwascoding.com/cgi-bin/viewAu ction.cgi?siteID=0&itemID=311586284604 …;;7.18212E+17;n;
GlobalMilling;3/10/2016 12:48;0;AHDB: Unexpected yellow rust levels | Global Milling | @scoopit http:// sco.lt/7OY01J;;7.07896E+17;y;Awareness
MelanieJWardle;3/4/2016 17:11;6;Spotted the odd bit of yellow rust about.. and plenty of septoria in the lower leaves @SyngentaCropsUK pic.twitter.com/8DE5r4fwQC;;7.05788E+17;y;self
ShoesSteals;5/4/2016 23:59;0;http:// ift.tt/1rpTgxg NEW BALANCE MADE IN THE USA 1300 ORANGE YELLOW RUST SZ 11 M1300CP pic.twitter.com/6IswqtbCBQ;;7.27981E+17;n;
TJex_Agronomy;5/27/2016 15:26;2;Yellow rust in March drilled Skyfall in Wiltshire @ssmshah @AgriiFocus pic.twitter.com/SyE53m3hM6;;7.36187E+17;y;self
Blackthorncox;6/1/2016 23:37;0;A crop with missed areas of yellow rust will be at much higher pressure in my experience. More so than septoria https:// twitter.com/RTKfarmer/stat us/738054294881062912 …;;7.38122E+17;y;Awareness
EurekaMag;4/1/2016 10:05;0;#EurekaMag Yellow rust of wheat in high-mountain districts of the Alma-Ata region and its control http:// dlvr.it/KxVKJq;#EurekaMag;7.15812E+17;y;Research
KanyukaKostya;5/24/2016 13:52;1;Yellow rust is the main wheat disease in Turkey, followed by leaf rust, Fusarium root crown rot and sunn pest.;;7.35076E+17;y;Awareness
farmconsultancy;4/4/2016 18:15;0;New yellow rust races adding to disease complexity, read the @FarmersGuardian article here https:// goo.gl/hyBIRl;;7.17023E+17;y;Awareness
AndyNash_Agrii;6/3/2016 12:19;3;@ssmshah @AgriiWest @AgriiFocus Reflection untreated plot full of yellow rust at Agriifocus pic.twitter.com/kNOqzHvsKC;;7.38676E+17;y;self
JamesMSouthgate;4/9/2016 16:01;1;Been ideal conditions for yellow rust development in Essex. Hopefully the T0 will sort it! pic.twitter.com/dXrW0dzF9m;;7.18801E+17;y;self
croprotect;4/5/2016 8:16;1;Number 5: Yellow rust of wheat, 55 votes so far on #croprotect https:// croprotect.com/diseases/yello w-rust-of-wheat …;#croprotect;7.17234E+17;y;others
PratisaraB;6/10/2016 16:33;0;@aggielovesgeer Yup..stripe rust a.k.a yellow rust is here. Definitely time to scout and to follow biosecurity protocol.;;7.41277E+17;y;self
skinnergj;3/13/2016 7:58;0;UK cereal growers asked to help monitor yellow rust changes https://www. fwi.co.uk/arable/how-cha nges-in-yellow-rust-may-affect-uk-wheat-growers.htm … via @Inoreader;;7.0891E+17;y;Awareness
IanRASmillie;5/26/2016 20:47;0;@AliBosher @SyngentaCropsUK @DOWAGROUK @Bayer4Crops @BASFcropUK @AdamaUK_ #SprayTunes - Goodbye yellow rust load - Elton John;#SprayTunes;7.35905E+17;n;
geert070760;4/8/2016 21:11;0;@SyngentaCropsUK At least there is leaf to have yellow rust like that, still cold 'up North'. #Horatio;#Horatio;7.18517E+17;y;others
nfum_Peterboro;5/11/2016 10:09;1;RT @FarmersWeekly : Alert: Yellow rust in developing on certain #wheat varieites - treat on sight! #clubhectare http:// bit.ly/1Wp1V0t;#wheat #clubhectare;7.30309E+17;y;Awareness
adamclarke_1;4/27/2016 13:55;7;Plenty of #septoria at a cold and wet Callow site. Also yellow rust and mildew in susceptible varieties. #cropdoctor pic.twitter.com/Z7lxrIvJXs;#septoria #cropdoctor;7.25292E+17;y;self
LoriStoudt;3/16/2016 13:56;0;Orange Yellow Rust Instant Book Hard Cover by VintageInspiredNow http:// etsy.me/1UiTzV2 via @Etsy;;7.10087E+17;n;
FarmingFutures;4/25/2016 23:59;2;Wheat evolution and resistance to yellow rust http://www. farmingfutures.org.uk/blog/wheat-evo lution-and-resistance-yellow-rust … @GenomeAnalysis;;7.24719E+17;y;Awareness
LoriStoudt;3/11/2016 13:51;0;Orange Yellow Rust Instant Book Hard Cover by VintageInspiredNow http:// etsy.me/1UiTzV2 via @Etsy;;7.08274E+17;n;
cpt_bwt;4/12/2016 15:09;1;Yellow rust . Resistance is not futile. Prof. Tzion Fahima (Uni Haifa) #wildwheatconference;#wildwheatconference;7.19875E+17;y;others
DickyWood1;4/27/2016 12:51;1;Yellow rust in kielder (shown here) and reflection too. #doctorcrop #stillnohelicopter pic.twitter.com/8cOpJjsDDk;#doctorcrop #stillnohelicopter;7.25276E+17;y;self
LoriStoudt;3/29/2016 14:20;0;Orange Yellow Rust Instant Book Hard Cover by VintageInspiredNow http:// etsy.me/1UiTzV2 via @Etsy;;7.14789E+17;n;
janecraigie;3/4/2016 18:05;3;Yellow rust as serious as septoria for wheat growers @farmersweekly http:// disq.us/9apz06;;7.05801E+17;y;Awareness
kuratedbyke;3/21/2016 18:53;0;Vintage Estate Copper Mustard Yellow Rust Orange by KuratedbyKE http:// etsy.me/1UyG7hh #vintageblazer #silkblazer;#vintageblazer #silkblazer;7.11974E+17;n;
EileenChoffnes;6/11/2016 20:34;0;Fairly alarming news! Yellow rust shows up dramatically in Suffolk wheat trial - Farmers Weekly http://www. fwi.co.uk/arable/yellow- rust-disease-strikes-in-suffolk-wheat-plots.htm?cmpid=NLC%7CFWFW%7CFWCPU-2016-0609 …;;7.417E+17;y;news
JackLRichardson;6/19/2016 12:19;0;@xbrandybx smattering of yellow rust and a little bit of septoria but pretty good really;;7.44475E+17;y;self
forster_1;3/17/2016 22:43;4;More #Yellowrust found today in Myriad which has an 8 for yellow rust in the @AHDB_Cereals RL list. 3rd sample this week sent for race test;#Yellowrust;7.10582E+17;y;self
pippartridge;5/15/2016 19:31;12;#Reflection looking full of potential. #T1 did a good job of drying up yellow rust #BYByield #clubhectare @adasYEN pic.twitter.com/rT0UYoShR5;#Reflection #T1 #BYByield #clubhectare;7.319E+17;y;others
russbmckenzie;6/11/2016 8:42;2;Certainly a yellow rust year in all sorts of untreated varieties. https:// twitter.com/agrovistaselec t/status/741336699662422017 …;;7.41521E+17;y;self
LoriStoudt;3/20/2016 12:54;0;Orange Yellow Rust Instant Book Hard Cover by VintageInspiredNow http:// etsy.me/1UiTzV2 via @Etsy;;7.11521E+17;n;
FarmingShow;6/6/2016 19:00;1;We've been looking at various crop trials today, some more successful at beating yellow rust than others! pic.twitter.com/8TYQUqmC4j;;7.39864E+17;y;others
LoriStoudt;4/10/2016 17:18;0;Orange Yellow Rust Instant Book Hard Cover by VintageInspiredNow http:// etsy.me/1UiTzV2 via @Etsy;;7.19183E+17;n;
RBoldan;3/14/2016 11:14;1;Yellow rust , so prevalent on Refection and Energise in January, has all but disappeared. Frost is the best fungicide.;;7.09322E+17;y;others
AWCoastCountry;6/28/2016 13:32;1;Walking the wheat plots @NIABTAG open day, lots of talk of yellow rust pic.twitter.com/vHt7ei0yBA;;7.47754E+17;y;others
DupontUKCPP;3/8/2016 9:25;2;Not just yellow rust and septoria http:// cropphotoupdate.com/2016/03/08/not -just-yellow-rust-and-septoria/ … pic.twitter.com/JaBD0gRm1D;;7.0712E+17;y;others
Everest549;6/15/2016 15:04;0;Yellow rust shows up dramatically in Suffolk wheat trial - Farmers Weekly http://www. fwi.co.uk/arable/yellow- rust-disease-strikes-in-suffolk-wheat-plots.htm#.V2FSP6_-Cds.twitter …;#;7.43067E+17;y;news
EurekaMag;3/23/2016 1:16;0;#EurekaMag Induced resistance to fungal diseases with special reference to yellow rust of wheat http:// dlvr.it/Ks97D7;#EurekaMag;7.12433E+17;y;Research
KamounLab;5/24/2016 15:22;2;Another plant pathogenomics paper! @CristobalUauy @Saunders_Lab wheat vs yellow rust transcriptome dynamics http:// sco.lt/7hOBNJ;;7.35099E+17;y;Research
JackRussell711;6/28/2016 12:41;1;@CJ_Cambridge Learning more about Yellow Rust @NIABTAG pic.twitter.com/j9ciskJ16u;;7.47742E+17;y;others
DomSwainson;4/26/2016 15:24;6;@DomSwainson @AgriiUK active yellow rust observed in JB Diego crop in Warwickshire pic.twitter.com/1otuGCnzDZ;;7.24952E+17;y;self
FarmingFutures;6/14/2016 9:28;0;Field pathogenomics reveals the emergence of a diverse wheat yellow rust population http://www. farmingfutures.org.uk/blog/field-pat hogenomics-reveals-emergence-diverse-wheat-yellow-rust-population … @CristobalUauy @JohnInnesCentre;;7.4262E+17;y;Research
forster_1;3/12/2016 14:37;0;Yellow rust and Septoria in KWS Lili in east lothian.Samples sent to see what race of rust it is. #springhassprung pic.twitter.com/71ZaTeRDeg;#springhassprung;7.08648E+17;y;self
handles4forks;3/10/2016 22:17;0;#agrichatuk Q6 Yellow rust res didn't used to concern me here in west but does now as extra triazoles will accelerate Septoria resistance;#agrichatuk;7.08039E+17;y;others
adamclarke_1;3/30/2016 15:00;4;Septoria + eyespot lesions found in #wheat plots at Callow. Yellow rust in Reflection. T0 due tomorrow. #cropdoctor pic.twitter.com/kOC4LsfrTB;#wheat #cropdoctor;7.15162E+17;y;self
TomWhitfield10;6/2/2016 11:27;1;Yellow rust in untreated plots of Robigus, Reflection and Horatio at Hutchinsons Alnwick RTC @Hutchinsons_Ag @wdp52 pic.twitter.com/uICbDHFicQ;;7.38301E+17;y;self
tagandbruce;4/23/2016 17:18;0;@stevenofford1 reflection looked good in the book but put off by reports of yellow rust , so many varieties to choose from!;;7.23894E+17;y;others
AdamaUK_;6/9/2016 21:20;2;Looking at herbicide trials in Germany this week - yellow rust prevalent @Adama_NE @lisawinetravel pic.twitter.com/suvDhbQ9GB;;7.40987E+17;y;others
BenBuzzsaw;4/5/2016 14:36;0;Plenty of yellow rust in lower canopy on Reflection now pic.twitter.com/5cjCfHdPKt;;7.1733E+17;y;self
reglimagrain;4/21/2016 21:52;0;@AgriChatUK Q4a We are right to consider disease - the warrior yellow rust races are a real concern regarding new races developing in vars;;7.23238E+17;y;others
Robinbasf;5/4/2016 8:57;4;Yellow rust still going strong in Herefordshire despite T0 being applied on time. Need to up the anti for T1. pic.twitter.com/WmhbanRIvf;;7.27754E+17;y;self
DavidPRushmer;3/11/2016 16:03;1;Cold weather over last fortnight in the fens has seen yellow rust cleaned out of Reflection wheat. Crop looks green! pic.twitter.com/bN0V0OdVcQ;;7.08307E+17;y;others
FrontierAg;5/24/2016 15:51;1;Disease pressure is building at Haywold #3Dthinking site with yellow rust & septoria pic.twitter.com/ifCfVGHKSZ;#3Dthinking;7.35106E+17;y;self
CharlesWright88;6/10/2016 14:50;0;Untreated Santiago starting to really stand out now, Septoria to blame as much as Yellow Rust ! pic.twitter.com/wGKhgl8o0z;;7.41251E+17;y;self
BartsAgri;6/8/2016 8:40;2;Yellow Rust in Cubanita, Winter Wheat, Petersfield Hampshire #disease #cropprotection #wheat #bartholomews pic.twitter.com/ib2xUKldC8;#disease #cropprotection #wheat #bartholomews;7.40433E+17;y;self
jc6930;4/5/2016 21:21;0;Must nearly be home time? Treating some yellow rust in Grafton winter wheat before the rain returns #fastresponse pic.twitter.com/qraKL47MMn;#fastresponse;7.17432E+17;y;self
BBCFarmingToday;4/14/2016 12:56;8;Continuing our research week with @NIABTAG explaining how ‘ yellow rust ’ affects wheat: http://www. bbc.co.uk/programmes/b07 6mmvg … #farm pic.twitter.com/46kfGwcCLc;#farm;7.20567E+17;y;Awareness
FarmersWeekly;5/20/2016 19:58;4;"Given the right conditions for yellow rust , even high-rated varieties can get the disease"" http:// bit.ly/1Tk31JZ""";;7.33718E+17;y;Awareness
LoriStoudt;3/10/2016 21:13;0;Orange Yellow Rust Instant Book Hard Cover by VintageInspiredNow http:// etsy.me/1UiTzV2 via @Etsy;;7.08023E+17;n;
LinesDavid;4/26/2016 17:00;0;Reflection Lf4 septoria and yellow rust lesions showing, lf3 clean, both have had same T1 7 days ago pic.twitter.com/ssrrKppR3r;;7.24977E+17;y;self
guilhermebavia;3/22/2016 17:18;0;New yellow rust races add to disease complexity http:// fginsight.com/news/new-races -add-to-complexity-of-yellow-rust-disease-threat-10721 … #yellowrust #cropdisease;#yellowrust #cropdisease;7.12312E+17;y;Awareness
coregenomics;5/22/2016 19:37;0;some of my first genomics work was on hunting for Yellow rust disease resistance genes…the good ol’ days of PCR&gels https:// twitter.com/RNA_seq/status /734324960789815296 …;;7.34438E+17;y;others
Seedsman1986;3/31/2016 12:40;1;Lots of active Yellow Rust in certain varieties today pic.twitter.com/TK79LW0E9k;;7.15489E+17;y;self
GarnaGriffith;3/10/2016 21:47;0;Orange Yellow Rust Instant Book Hard Cover by VintageInspiredNow http:// etsy.me/1UiTzV2 via @Etsy;;7.08031E+17;n;
MyManeintheWind;4/23/2016 1:17;0;Padlocked gate at Finsbury park in London... #padlock #yellow #rust #London #London2016 #gate … https://www. instagram.com/p/BEhUujWp8RU/;#padlock #yellow #rust #London #London2016 #gate;7.23652E+17;n;
Cripple_Bitch;6/12/2016 7:41;0;If u go from brow to blonde and it comes out all yellow rust ,DO NOT FUCKING CALL IT BLONDE. ITS NOT A BLONDE COLOR. #Smh know ur color dyes;#Smh;7.41868E+17;n;
OneNewsPage_UK;3/28/2016 8:52;0;Cambridge News published Field pathogenomics could help stop yellow rust harming crops: Experts hope a new.. http://www. onenewspage.co.uk/n/UK/759jtttcm /Cambridge-News-published-Field-pathogenomics-could-help-stop.htm …;;7.14344E+17;y;Awareness
AHDB_Cereals;3/8/2016 14:34;0;First of two papers from INRA, France – Claude de Vallavielle Pope on yellow rust and temperature adaptation #UKCPVS;#UKCPVS;7.07198E+17;y;Research
AHDB_Cereals;3/8/2016 13:24;0;Global yellow rust population subdivided into at least six distinct genetic groups #UKCPVS @niabtag;#UKCPVS;7.0718E+17;y;Awareness
Team_Thomma;4/11/2016 15:03;4;Zadoks : Dutch owe their Thorbecke constitution to yellow rust of wheat, leading to hunger and riots @KNPV125 pic.twitter.com/dfJZy5G2b3;;7.19511E+17;y;others
sunkfarmer;3/24/2016 7:54;1;@themanorhousebb @CharlesAnyan @wheat_daddy info update no nitrogen applied to my reflection as yet. No yellow rust visible #BYB #happyme;#BYB #happyme;7.12895E+17;y;others
AgriCatherine;5/6/2016 15:21;0;There is a fair bit of yellow rust around Hampshire (hello Revelation!) but not in the variety trials area yet.;;7.28575E+17;y;self
bryncrops;3/31/2016 23:35;2;Sun out today - first yellow rust seen on Reflection Shrops/Staffs border. pic.twitter.com/uDWHM7svlr;;7.15654E+17;y;self
WillingtonCrop;3/18/2016 20:29;0;Yellow rust on Oakley Jockey treated.;;7.10911E+17;y;self
pstacey_st;5/22/2016 19:41;0;Use the last of your Galmano to protect against foliar diseases like yellow rust : http:// bit.ly/1OxF1f8;;7.34439E+17;y;Awareness
dikesmarshfarm;4/18/2016 12:13;4;Yellow Rust easy found in Evolution Yorkshire @reglimagrain @Louis_Wells3 pic.twitter.com/hP90vfP98d;;7.22005E+17;y;self
State_Times;3/2/2016 22:10;0;Management of yellow rust disease of wheat http:// news.statetimes.in/?p=150452;;7.05138E+17;y;Awareness
Georgetta_Iwane;6/13/2016 13:06;0;#Wool #blanket #Deal Crocheted Afghan Throw Blanket Striped Wool White Green Yellow Rust Fringes… http:// dlvr.it/LY9tgs #WoolBlankets #Buy;#Wool #blanket #Deal #WoolBlankets #Buy;7.42312E+17;n;
handles4forks;4/5/2016 20:42;0;Bit of Yellow Rust in this variety #ByeByeYield . Will sort it out at T0. pic.twitter.com/LArmLwhsHP;#ByeByeYield;7.17422E+17;y;self
TAPAgronomy;5/6/2016 19:41;1;Yellow rust rampant in untreated weaker variety plots at Wingham Demo Site #yellowrust pic.twitter.com/IRgop1SkZr;#yellowrust;7.28641E+17;y;self
leadbeater_ross;4/29/2016 22:20;1;Yellow rust in WW Evolution found in Oxon pic.twitter.com/lK422AtWSF;;7.26144E+17;y;self
ArableFarming;3/17/2016 17:56;0;New races add to complexity of yellow rust disease threat https://www. fginsight.com/news/new-races -add-to-complexity-of-yellow-rust-disease-threat-10721 … #cropdisease #arable pic.twitter.com/XqnIvlMkhK;#cropdisease #arable;7.1051E+17;y;Awareness
LoriStoudt;3/28/2016 13:35;0;Orange Yellow Rust Instant Book Hard Cover by VintageInspiredNow http:// etsy.me/1UiTzV2 via @Etsy;;7.14416E+17;n;
AHDB_Cereals;3/8/2016 13:20;4;Aggressive yellow rust strains spreading across the world since 2000 #UKCPVS @niabtag;#UKCPVS;7.07179E+17;y;Awareness
AgriiUK;5/25/2016 10:01;1;Yellow rust at the Bromsgrove iFarm – treated v untreated. Variety choice is key. Discover more at our iFarm events pic.twitter.com/g15Ba8RvXZ;;7.3538E+17;y;self
SyngentaCropsUK;4/8/2016 21:00;10;Still lots of #Yellow #Rust out there! pic.twitter.com/p3cCHCYfg0;#Yellow #Rust;7.18514E+17;y;self
AgriiWest;6/22/2016 12:20;2;Rosemary Bales discussing yellow rust strains @#LudlowiFarm Summer event pic.twitter.com/w486ptJoWB;#LudlowiFarm;7.45562E+17;y;others
scott_cockburn;4/21/2016 13:09;0;Yellow rust coming on strong in Keller at Oxford Innovation site pic.twitter.com/DT1RuGQdex;;7.23106E+17;y;self
AdamaUK_;3/10/2016 21:10;2;Q1 #agrichatuk I see disease is top on the poll. Yellow rust can be easily found in wheat crops. Very early to see such high levels;#agrichatuk;7.08022E+17;y;others
BartsAgri;6/14/2016 9:15;0;Trials - Robust fungicide programmes kept varieties clean but many untreated plots succumbed to yellow rust #trials pic.twitter.com/BmG6n4BcIv;#trials;7.42616E+17;y;self
KWSUKLtd;6/15/2016 22:37;1;KWS Santiago doing well on yellow rust this year from crops we've seen so far this year too! Love the aerial shot! https:// twitter.com/dan_kiddy1/sta tus/743179076190474240 …;;7.43181E+17;y;others
MikeNeaverson;4/22/2016 12:39;2;@ProagriLtd @_CQuick Mid range this time. Some Septoria on lower leaves in places. Reflection notable for yellow rust but T0s sorted it.;;7.23461E+17;y;others
AdamaUK_;5/11/2016 22:42;7;Wheat growers on yellow rust disease alert via Farmers Weekly http://www. fwi.co.uk/arable/wheat-g rowers-on-yellow-rust-disease-alert.htm#.VzOY-rplGY4.twitter …;#;7.30498E+17;y;Awareness
EdJohnRiley;4/30/2016 7:07;0;@LeedhamAlan yellow rust starting to creep into our reflection also. To many showers and frost to get going on T1's in shrops #Frustrated;#Frustrated;7.26277E+17;y;self
lisawinetravel;6/9/2016 21:52;1;@AdamaUK_ @Adama_NE Lots of yellow rust around in Germany, much worse than usual apparently;;7.40995E+17;y;self
NIABTAG;6/28/2016 12:59;3;Sarah Holdgate discusses yellow rust and field pathogenomics at NIAB Cambridge Open Day pic.twitter.com/sqUmcDq1XN;;7.47746E+17;y;others
CoffeePulseAlgo;5/19/2016 19:24;2;Peru’s Agriculture & Irrigation ministry announces renewal of 38K hectares of #coffee plantations affected by yellow rust . #Arabica;#coffee #Arabica;7.33348E+17;y;Awareness
freddie_grant;5/27/2016 21:11;0;@bodenfarming I drilled some at the end of September last yr. Shocking amounts of yellow rust . Will never grow again;;7.36274E+17;y;self
MrsSandraEBell;3/26/2016 7:28;0;Forsythia by a rusty shed. #forsythia #flowers #plant #yellow #rust #shed #roof #norfolk … http:// ln.is/www.instagram. com/p/eadkX …;#forsythia #flowers #plant #yellow #rust #shed #roof #norfolk;7.13614E+17;n;
LoriStoudt;4/16/2016 1:00;0;Orange Yellow Rust Instant Book Hard Cover by VintageInspiredNow http:// etsy.me/1UiTzV2 via @Etsy;;7.21111E+17;n;
MaValeriaMorett;3/13/2016 21:41;0;UK cereal growers asked to help monitor yellow rust changes - Farmers Weekly http://www. fwi.co.uk/arable/how-cha nges-in-yellow-rust-may-affect-uk-wheat-growers.htm#.VuXQWG2bEug.twitter …;#;7.09117E+17;y;Awareness
sasagronomy;5/16/2016 16:49;7;Flag out 35%, 23 days since T1 of 100% dose of epoxi+SDHI+CTL & yellow rust just showing on the odd L3 in Reflection pic.twitter.com/uuio2iFs4J;;7.32221E+17;y;self
mparry1234;4/6/2016 18:44;1;Beautiful yellow rust . #BelieveInFilm #filmphotography #Velvia50 pic.twitter.com/vmFZKHJjQn;#BelieveInFilm #filmphotography #Velvia50;7.17755E+17;n;
Blackthorncox;5/4/2016 13:03;1;Saw quite a bit of yellow rust breaking out (again) in KWS Lilli yesterday. #agronomy;#agronomy;7.27816E+17;y;self
Steve__Dennis;4/13/2016 18:33;9;"A lot of calls that yellow rust is taking off, Scotland to East Anglia. It's moved since the weekend; take care... pic.twitter.com/0Cr8whbE49";;7.20289E+17;y;news
neilwool;5/3/2016 10:30;1;Prepare to be dazzled if you took cv Reflections yellow rust rating at face value;;7.27415E+17;y;others
DupontUKCPP;4/13/2016 12:50;2;These boots were made for... yellow rust . Reflection in the South yesterday. pic.twitter.com/5MYnRdhuk1;;7.20202E+17;n;
EwenMcEwen;5/6/2016 10:21;1;"So Trinity is a 9 for yellow rust in the @AHDB_Cereals rec list but is susceptible to seedling"" y rust which can affect up to flag leaf ??!""";;7.285E+17;y;others
AmeurCherif;5/28/2016 20:49;0;The host-pathogen interaction between wheat and yellow rust induces temporally coordinated waves of... http:// bmcgenomics.biomedcentral.com/articles/10.11 86/s12864-016-2684-4 … #bmcgenomics;#bmcgenomics;7.3663E+17;y;Research
GarnaGriffith;5/23/2016 18:54;0;Orange Yellow Rust Instant Book Hard Cover by VintageInspiredNow http:// etsy.me/1UiTzV2 via @Etsy;;7.3479E+17;n;
agronomist_ben;3/9/2016 8:39;2;Despite cold weather active yellow rust on cordiale #crop16 pic.twitter.com/h1ivq8a0OO;#crop16;7.07471E+17;y;news
cropwalkertim;5/9/2016 12:45;2;Most pictures of reflection are of yellow rust . This one had no fungicide. Alot cleaner than expected at the moment. pic.twitter.com/777kFVT11h;;7.29623E+17;y;self
TimPayne7;5/3/2016 20:25;1;Yellow Rust having a good time in a spray miss. pic.twitter.com/B5zQx4ql2g;;7.27565E+17;y;self
SRUCCropClinic;3/30/2016 21:13;0;Yellow rust at Hereford site, checked by frost but still going on Reflection #cropdoctor;#cropdoctor;7.15256E+17;y;self
CompBiolPapers;5/5/2016 12:16;0;Mapping-by-sequencing in complex polyploid genomes using genic sequence capture: a case study to map yellow rust … http:// dlvr.it/LDk1P8;;7.28166E+17;y;Research
LoriStoudt;3/25/2016 13:35;0;Orange Yellow Rust Instant Book Hard Cover by VintageInspiredNow http:// etsy.me/1UiTzV2 via @Etsy;;7.13344E+17;n;
FarmersWeekly;3/1/2016 16:06;17;" Yellow rust is now as serious a problem as septoria"" says . @NIABTAG Bill Clark #clubhectare http:// bit.ly/1QpYCBN pic.twitter.com/k7IsOlsG2g""";#clubhectare;7.04684E+17;y;Awareness
Borntobemild;3/1/2016 11:31;2;@LinesDavid have seen early YR in trials at seedling stage for last 3yrs. A good T0 should clear this up. #reflection #bybyield #yellow rust;#reflection #bybyield #yellow;7.04615E+17;y;self
Blackthorncox;5/22/2016 1:26;1;Found yellow rust on Skyfall today , easily and Reflection, not as bad.Pressure much higher than 2015. Risk hard to predict;;7.34163E+17;y;self
ShagunChahal22;5/26/2016 7:58;0;#TransformingIndia Punjab Agri Dept. committed to provide timely help…sets up call center to help farmer save crop from ‘ yellow rust ’;#TransformingIndia;7.35712E+17;y;Awareness
LoriStoudt;4/26/2016 12:02;0;Orange Yellow Rust Instant Book Hard Cover by VintageInspiredNow http:// etsy.me/1UiTzV2 via @Etsy;;7.24901E+17;n;
sharma_balvir;5/26/2016 6:10;0;#TransformingIndia Punjab Agri Dept. committed to provide timely help…sets up call center to help farmer save crop from ‘ yellow rust ’;#TransformingIndia;7.35684E+17;y;Awareness
